2026-08-10 20:05:59.591: [INFO] CurrentProfilePath: C:\Users\seif9\source\repos\Ruby Exec 1\Ruby Exec 1\bin\x64\Debug\net10.0-windows\Ruby Exec 1.exe.WebView2\EBWebView\Default
2026-08-10 20:05:59.591: [INFO] Profiles total count: 1
2026-08-10 20:05:59.592: [INFO] Profile: name=Profil 1 path=C:\Users\seif9\source\repos\Ruby Exec 1\Ruby Exec 1\bin\x64\Debug\net10.0-windows\Ruby Exec 1.exe.WebView2\EBWebView\Default lastActive=2026-08-10T20:03:58.879Z
2026-08-10 20:05:59.592: [INFO] LastUsedProfileDir: C:\Users\seif9\source\repos\Ruby Exec 1\Ruby Exec 1\bin\x64\Debug\net10.0-windows\Ruby Exec 1.exe.WebView2\EBWebView\Default
2026-08-10 20:05:59.592: [INFO] MostRecentlyActiveProfile: name=Profil 1 path=C:\Users\seif9\source\repos\Ruby Exec 1\Ruby Exec 1\bin\x64\Debug\net10.0-windows\Ruby Exec 1.exe.WebView2\EBWebView\Default lastActive=2026-08-10T20:03:58.879Z
2026-08-10 20:05:59.592: [INFO] OnDoneLoading sync enabled: 0
2026-08-10 20:05:59.592: [INFO] BookmarkModelLoaded, ids_reassigned: 0
2026-08-10 20:05:59.592: [INFO] BookmarksLoadDropped droppedNodes=0
2026-08-10 20:05:59.592: [INFO] BookmarksSnapshot Startup total=0 bar=0 other=0 mobile=0 showBar=0 showBarNTP=1
2026-08-10 20:13:16.281: [INFO] BookmarksSnapshot Shutdown total=0 bar=0 other=0 mobile=0 showBar=0 showBarNTP=1
2026-08-10 20:13:27.436: [INFO] CurrentProfilePath: C:\Users\seif9\source\repos\Ruby Exec 1\Ruby Exec 1\bin\x64\Debug\net10.0-windows\Ruby Exec 1.exe.WebView2\EBWebView\Default
2026-08-10 20:13:27.436: [INFO] Profiles total count: 1
2026-08-10 20:13:27.436: [INFO] Profile: name=Profil 1 path=C:\Users\seif9\source\repos\Ruby Exec 1\Ruby Exec 1\bin\x64\Debug\net10.0-windows\Ruby Exec 1.exe.WebView2\EBWebView\Default lastActive=2026-08-10T20:12:35.013Z
2026-08-10 20:13:27.436: [INFO] LastUsedProfileDir: C:\Users\seif9\source\repos\Ruby Exec 1\Ruby Exec 1\bin\x64\Debug\net10.0-windows\Ruby Exec 1.exe.WebView2\EBWebView\Default
2026-08-10 20:13:27.437: [INFO] MostRecentlyActiveProfile: name=Profil 1 path=C:\Users\seif9\source\repos\Ruby Exec 1\Ruby Exec 1\bin\x64\Debug\net10.0-windows\Ruby Exec 1.exe.WebView2\EBWebView\Default lastActive=2026-08-10T20:12:35.013Z
2026-08-10 20:13:27.437: [INFO] OnDoneLoading sync enabled: 0
2026-08-10 20:13:27.437: [INFO] BookmarkModelLoaded, ids_reassigned: 0
2026-08-10 20:13:27.437: [INFO] BookmarksLoadDropped droppedNodes=0
2026-08-10 20:13:27.437: [INFO] BookmarksSnapshot Startup total=0 bar=0 other=0 mobile=0 showBar=0 showBarNTP=1
2026-08-10 20:15:30.480: [INFO] BookmarksSnapshot Shutdown total=0 bar=0 other=0 mobile=0 showBar=0 showBarNTP=1
2026-08-10 20:20:30.167: [INFO] CurrentProfilePath: C:\Users\seif9\source\repos\Ruby Exec 1\Ruby Exec 1\bin\x64\Debug\net10.0-windows\Ruby Exec 1.exe.WebView2\EBWebView\Default
2026-08-10 20:20:30.167: [INFO] Profiles total count: 1
2026-08-10 20:20:30.168: [INFO] Profile: name=Profil 1 path=C:\Users\seif9\source\repos\Ruby Exec 1\Ruby Exec 1\bin\x64\Debug\net10.0-windows\Ruby Exec 1.exe.WebView2\EBWebView\Default lastActive=2026-08-10T20:12:35.013Z
2026-08-10 20:20:30.168: [INFO] LastUsedProfileDir: C:\Users\seif9\source\repos\Ruby Exec 1\Ruby Exec 1\bin\x64\Debug\net10.0-windows\Ruby Exec 1.exe.WebView2\EBWebView\Default
2026-08-10 20:20:30.168: [INFO] MostRecentlyActiveProfile: name=Profil 1 path=C:\Users\seif9\source\repos\Ruby Exec 1\Ruby Exec 1\bin\x64\Debug\net10.0-windows\Ruby Exec 1.exe.WebView2\EBWebView\Default lastActive=2026-08-10T20:12:35.013Z
2026-08-10 20:20:30.168: [INFO] OnDoneLoading sync enabled: 0
2026-08-10 20:20:30.168: [INFO] BookmarkModelLoaded, ids_reassigned: 0
2026-08-10 20:20:30.168: [INFO] BookmarksLoadDropped droppedNodes=0
2026-08-10 20:20:30.168: [INFO] BookmarksSnapshot Startup total=0 bar=0 other=0 mobile=0 showBar=0 showBarNTP=1
2026-08-10 20:33:39.611: [INFO] BookmarksSnapshot Shutdown total=0 bar=0 other=0 mobile=0 showBar=0 showBarNTP=1
2026-08-11 07:05:19.374: [INFO] CurrentProfilePath: C:\Users\seif9\source\repos\Ruby Exec 1\Ruby Exec 1\bin\x64\Debug\net10.0-windows\Ruby Exec 1.exe.WebView2\EBWebView\Default
2026-08-11 07:05:19.374: [INFO] Profiles total count: 1
2026-08-11 07:05:19.374: [INFO] Profile: name=Profil 1 path=C:\Users\seif9\source\repos\Ruby Exec 1\Ruby Exec 1\bin\x64\Debug\net10.0-windows\Ruby Exec 1.exe.WebView2\EBWebView\Default lastActive=2026-08-11T07:04:18.104Z
2026-08-11 07:05:19.374: [INFO] LastUsedProfileDir: C:\Users\seif9\source\repos\Ruby Exec 1\Ruby Exec 1\bin\x64\Debug\net10.0-windows\Ruby Exec 1.exe.WebView2\EBWebView\Default
2026-08-11 07:05:19.374: [INFO] MostRecentlyActiveProfile: name=Profil 1 path=C:\Users\seif9\source\repos\Ruby Exec 1\Ruby Exec 1\bin\x64\Debug\net10.0-windows\Ruby Exec 1.exe.WebView2\EBWebView\Default lastActive=2026-08-11T07:04:18.104Z
2026-08-11 07:05:19.374: [INFO] OnDoneLoading sync enabled: 0
2026-08-11 07:05:19.374: [INFO] BookmarkModelLoaded, ids_reassigned: 0
2026-08-11 07:05:19.374: [INFO] BookmarksLoadDropped droppedNodes=0
2026-08-11 07:05:19.374: [INFO] BookmarksSnapshot Startup total=0 bar=0 other=0 mobile=0 showBar=0 showBarNTP=1
2026-08-11 07:05:26.654: [INFO] BookmarksSnapshot Shutdown total=0 bar=0 other=0 mobile=0 showBar=0 showBarNTP=1
2026-08-11 07:05:56.141: [INFO] CurrentProfilePath: C:\Users\seif9\source\repos\Ruby Exec 1\Ruby Exec 1\bin\x64\Debug\net10.0-windows\Ruby Exec 1.exe.WebView2\EBWebView\Default
2026-08-11 07:05:56.141: [INFO] Profiles total count: 1
2026-08-11 07:05:56.141: [INFO] Profile: name=Profil 1 path=C:\Users\seif9\source\repos\Ruby Exec 1\Ruby Exec 1\bin\x64\Debug\net10.0-windows\Ruby Exec 1.exe.WebView2\EBWebView\Default lastActive=2026-08-11T07:05:21.846Z
2026-08-11 07:05:56.141: [INFO] LastUsedProfileDir: C:\Users\seif9\source\repos\Ruby Exec 1\Ruby Exec 1\bin\x64\Debug\net10.0-windows\Ruby Exec 1.exe.WebView2\EBWebView\Default
2026-08-11 07:05:56.141: [INFO] MostRecentlyActiveProfile: name=Profil 1 path=C:\Users\seif9\source\repos\Ruby Exec 1\Ruby Exec 1\bin\x64\Debug\net10.0-windows\Ruby Exec 1.exe.WebView2\EBWebView\Default lastActive=2026-08-11T07:05:21.846Z
2026-08-11 07:05:56.141: [INFO] OnDoneLoading sync enabled: 0
2026-08-11 07:05:56.141: [INFO] BookmarkModelLoaded, ids_reassigned: 0
2026-08-11 07:05:56.141: [INFO] BookmarksLoadDropped droppedNodes=0
2026-08-11 07:05:56.141: [INFO] BookmarksSnapshot Startup total=0 bar=0 other=0 mobile=0 showBar=0 showBarNTP=1
2026-08-11 07:06:01.783: [INFO] BookmarksSnapshot Shutdown total=0 bar=0 other=0 mobile=0 showBar=0 showBarNTP=1
2026-08-11 07:06:07.817: [INFO] CurrentProfilePath: C:\Users\seif9\source\repos\Ruby Exec 1\Ruby Exec 1\bin\x64\Debug\net10.0-windows\Ruby Exec 1.exe.WebView2\EBWebView\Default
2026-08-11 07:06:07.817: [INFO] Profiles total count: 1
2026-08-11 07:06:07.818: [INFO] Profile: name=Profil 1 path=C:\Users\seif9\source\repos\Ruby Exec 1\Ruby Exec 1\bin\x64\Debug\net10.0-windows\Ruby Exec 1.exe.WebView2\EBWebView\Default lastActive=2026-08-11T07:05:21.846Z
2026-08-11 07:06:07.818: [INFO] LastUsedProfileDir: C:\Users\seif9\source\repos\Ruby Exec 1\Ruby Exec 1\bin\x64\Debug\net10.0-windows\Ruby Exec 1.exe.WebView2\EBWebView\Default
2026-08-11 07:06:07.818: [INFO] MostRecentlyActiveProfile: name=Profil 1 path=C:\Users\seif9\source\repos\Ruby Exec 1\Ruby Exec 1\bin\x64\Debug\net10.0-windows\Ruby Exec 1.exe.WebView2\EBWebView\Default lastActive=2026-08-11T07:05:21.846Z
2026-08-11 07:06:07.818: [INFO] OnDoneLoading sync enabled: 0
2026-08-11 07:06:07.818: [INFO] BookmarkModelLoaded, ids_reassigned: 0
2026-08-11 07:06:07.818: [INFO] BookmarksLoadDropped droppedNodes=0
2026-08-11 07:06:07.818: [INFO] BookmarksSnapshot Startup total=0 bar=0 other=0 mobile=0 showBar=0 showBarNTP=1
2026-08-11 07:06:20.497: [INFO] BookmarksSnapshot Shutdown total=0 bar=0 other=0 mobile=0 showBar=0 showBarNTP=1
2026-08-11 07:12:28.637: [INFO] CurrentProfilePath: C:\Users\seif9\source\repos\Ruby Exec 1\Ruby Exec 1\bin\x64\Debug\net10.0-windows\Ruby Exec 1.exe.WebView2\EBWebView\Default
2026-08-11 07:12:28.637: [INFO] Profiles total count: 1
2026-08-11 07:12:28.637: [INFO] Profile: name=Profil 1 path=C:\Users\seif9\source\repos\Ruby Exec 1\Ruby Exec 1\bin\x64\Debug\net10.0-windows\Ruby Exec 1.exe.WebView2\EBWebView\Default lastActive=2026-08-11T07:05:21.846Z
2026-08-11 07:12:28.637: [INFO] LastUsedProfileDir: C:\Users\seif9\source\repos\Ruby Exec 1\Ruby Exec 1\bin\x64\Debug\net10.0-windows\Ruby Exec 1.exe.WebView2\EBWebView\Default
2026-08-11 07:12:28.637: [INFO] MostRecentlyActiveProfile: name=Profil 1 path=C:\Users\seif9\source\repos\Ruby Exec 1\Ruby Exec 1\bin\x64\Debug\net10.0-windows\Ruby Exec 1.exe.WebView2\EBWebView\Default lastActive=2026-08-11T07:05:21.846Z
2026-08-11 07:12:28.637: [INFO] OnDoneLoading sync enabled: 0
2026-08-11 07:12:28.637: [INFO] BookmarkModelLoaded, ids_reassigned: 0
2026-08-11 07:12:28.637: [INFO] BookmarksLoadDropped droppedNodes=0
2026-08-11 07:12:28.637: [INFO] BookmarksSnapshot Startup total=0 bar=0 other=0 mobile=0 showBar=0 showBarNTP=1
2026-08-11 07:12:50.805: [INFO] BookmarksSnapshot Shutdown total=0 bar=0 other=0 mobile=0 showBar=0 showBarNTP=1
2026-08-11 07:23:32.422: [INFO] CurrentProfilePath: C:\Users\seif9\source\repos\Ruby Exec 1\Ruby Exec 1\bin\x64\Debug\net10.0-windows\Ruby Exec 1.exe.WebView2\EBWebView\Default
2026-08-11 07:23:32.422: [INFO] Profiles total count: 1
2026-08-11 07:23:32.422: [INFO] Profile: name=Profil 1 path=C:\Users\seif9\source\repos\Ruby Exec 1\Ruby Exec 1\bin\x64\Debug\net10.0-windows\Ruby Exec 1.exe.WebView2\EBWebView\Default lastActive=2026-08-11T07:21:24.148Z
2026-08-11 07:23:32.422: [INFO] LastUsedProfileDir: C:\Users\seif9\source\repos\Ruby Exec 1\Ruby Exec 1\bin\x64\Debug\net10.0-windows\Ruby Exec 1.exe.WebView2\EBWebView\Default
2026-08-11 07:23:32.423: [INFO] MostRecentlyActiveProfile: name=Profil 1 path=C:\Users\seif9\source\repos\Ruby Exec 1\Ruby Exec 1\bin\x64\Debug\net10.0-windows\Ruby Exec 1.exe.WebView2\EBWebView\Default lastActive=2026-08-11T07:21:24.148Z
2026-08-11 07:23:32.423: [INFO] OnDoneLoading sync enabled: 0
2026-08-11 07:23:32.423: [INFO] BookmarkModelLoaded, ids_reassigned: 0
2026-08-11 07:23:32.423: [INFO] BookmarksLoadDropped droppedNodes=0
2026-08-11 07:23:32.423: [INFO] BookmarksSnapshot Startup total=0 bar=0 other=0 mobile=0 showBar=0 showBarNTP=1
2026-08-11 07:28:16.444: [INFO] BookmarksSnapshot Shutdown total=0 bar=0 other=0 mobile=0 showBar=0 showBarNTP=1
2026-08-11 07:28:19.102: [INFO] CurrentProfilePath: C:\Users\seif9\source\repos\Ruby Exec 1\Ruby Exec 1\bin\x64\Debug\net10.0-windows\Ruby Exec 1.exe.WebView2\EBWebView\Default
2026-08-11 07:28:19.102: [INFO] Profiles total count: 1
2026-08-11 07:28:19.103: [INFO] Profile: name=Profil 1 path=C:\Users\seif9\source\repos\Ruby Exec 1\Ruby Exec 1\bin\x64\Debug\net10.0-windows\Ruby Exec 1.exe.WebView2\EBWebView\Default lastActive=2026-08-11T07:23:47.744Z
2026-08-11 07:28:19.103: [INFO] LastUsedProfileDir: C:\Users\seif9\source\repos\Ruby Exec 1\Ruby Exec 1\bin\x64\Debug\net10.0-windows\Ruby Exec 1.exe.WebView2\EBWebView\Default
2026-08-11 07:28:19.103: [INFO] MostRecentlyActiveProfile: name=Profil 1 path=C:\Users\seif9\source\repos\Ruby Exec 1\Ruby Exec 1\bin\x64\Debug\net10.0-windows\Ruby Exec 1.exe.WebView2\EBWebView\Default lastActive=2026-08-11T07:23:47.744Z
2026-08-11 07:28:19.103: [INFO] OnDoneLoading sync enabled: 0
2026-08-11 07:28:19.103: [INFO] BookmarkModelLoaded, ids_reassigned: 0
2026-08-11 07:28:19.103: [INFO] BookmarksLoadDropped droppedNodes=0
2026-08-11 07:28:19.103: [INFO] BookmarksSnapshot Startup total=0 bar=0 other=0 mobile=0 showBar=0 showBarNTP=1
2026-08-11 07:30:12.749: [INFO] BookmarksSnapshot Shutdown total=0 bar=0 other=0 mobile=0 showBar=0 showBarNTP=1
2026-08-11 07:38:31.363: [INFO] CurrentProfilePath: C:\Users\seif9\source\repos\Ruby Exec 1\Ruby Exec 1\bin\x64\Debug\net10.0-windows\Ruby Exec 1.exe.WebView2\EBWebView\Default
2026-08-11 07:38:31.363: [INFO] Profiles total count: 1
2026-08-11 07:38:31.363: [INFO] Profile: name=Profil 1 path=C:\Users\seif9\source\repos\Ruby Exec 1\Ruby Exec 1\bin\x64\Debug\net10.0-windows\Ruby Exec 1.exe.WebView2\EBWebView\Default lastActive=2026-08-11T07:29:00.699Z
2026-08-11 07:38:31.363: [INFO] LastUsedProfileDir: C:\Users\seif9\source\repos\Ruby Exec 1\Ruby Exec 1\bin\x64\Debug\net10.0-windows\Ruby Exec 1.exe.WebView2\EBWebView\Default
2026-08-11 07:38:31.363: [INFO] MostRecentlyActiveProfile: name=Profil 1 path=C:\Users\seif9\source\repos\Ruby Exec 1\Ruby Exec 1\bin\x64\Debug\net10.0-windows\Ruby Exec 1.exe.WebView2\EBWebView\Default lastActive=2026-08-11T07:29:00.699Z
2026-08-11 07:38:31.363: [INFO] OnDoneLoading sync enabled: 0
2026-08-11 07:38:31.363: [INFO] BookmarkModelLoaded, ids_reassigned: 0
2026-08-11 07:38:31.363: [INFO] BookmarksLoadDropped droppedNodes=0
2026-08-11 07:38:31.363: [INFO] BookmarksSnapshot Startup total=0 bar=0 other=0 mobile=0 showBar=0 showBarNTP=1
2026-08-11 07:38:38.654: [INFO] BookmarksSnapshot Shutdown total=0 bar=0 other=0 mobile=0 showBar=0 showBarNTP=1
2026-08-11 07:38:44.136: [INFO] CurrentProfilePath: C:\Users\seif9\source\repos\Ruby Exec 1\Ruby Exec 1\bin\x64\Debug\net10.0-windows\Ruby Exec 1.exe.WebView2\EBWebView\Default
2026-08-11 07:38:44.136: [INFO] Profiles total count: 1
2026-08-11 07:38:44.136: [INFO] Profile: name=Profil 1 path=C:\Users\seif9\source\repos\Ruby Exec 1\Ruby Exec 1\bin\x64\Debug\net10.0-windows\Ruby Exec 1.exe.WebView2\EBWebView\Default lastActive=2026-08-11T07:38:33.702Z
2026-08-11 07:38:44.136: [INFO] LastUsedProfileDir: C:\Users\seif9\source\repos\Ruby Exec 1\Ruby Exec 1\bin\x64\Debug\net10.0-windows\Ruby Exec 1.exe.WebView2\EBWebView\Default
2026-08-11 07:38:44.136: [INFO] MostRecentlyActiveProfile: name=Profil 1 path=C:\Users\seif9\source\repos\Ruby Exec 1\Ruby Exec 1\bin\x64\Debug\net10.0-windows\Ruby Exec 1.exe.WebView2\EBWebView\Default lastActive=2026-08-11T07:38:33.702Z
2026-08-11 07:38:44.136: [INFO] OnDoneLoading sync enabled: 0
2026-08-11 07:38:44.136: [INFO] BookmarkModelLoaded, ids_reassigned: 0
2026-08-11 07:38:44.136: [INFO] BookmarksLoadDropped droppedNodes=0
2026-08-11 07:38:44.136: [INFO] BookmarksSnapshot Startup total=0 bar=0 other=0 mobile=0 showBar=0 showBarNTP=1
2026-08-11 07:38:47.778: [INFO] BookmarksSnapshot Shutdown total=0 bar=0 other=0 mobile=0 showBar=0 showBarNTP=1
2026-08-11 07:39:00.936: [INFO] CurrentProfilePath: C:\Users\seif9\source\repos\Ruby Exec 1\Ruby Exec 1\bin\x64\Debug\net10.0-windows\Ruby Exec 1.exe.WebView2\EBWebView\Default
2026-08-11 07:39:00.936: [INFO] Profiles total count: 1
2026-08-11 07:39:00.937: [INFO] Profile: name=Profil 1 path=C:\Users\seif9\source\repos\Ruby Exec 1\Ruby Exec 1\bin\x64\Debug\net10.0-windows\Ruby Exec 1.exe.WebView2\EBWebView\Default lastActive=2026-08-11T07:38:33.702Z
2026-08-11 07:39:00.937: [INFO] LastUsedProfileDir: C:\Users\seif9\source\repos\Ruby Exec 1\Ruby Exec 1\bin\x64\Debug\net10.0-windows\Ruby Exec 1.exe.WebView2\EBWebView\Default
2026-08-11 07:39:00.937: [INFO] MostRecentlyActiveProfile: name=Profil 1 path=C:\Users\seif9\source\repos\Ruby Exec 1\Ruby Exec 1\bin\x64\Debug\net10.0-windows\Ruby Exec 1.exe.WebView2\EBWebView\Default lastActive=2026-08-11T07:38:33.702Z
2026-08-11 07:39:00.937: [INFO] OnDoneLoading sync enabled: 0
2026-08-11 07:39:00.937: [INFO] BookmarkModelLoaded, ids_reassigned: 0
2026-08-11 07:39:00.937: [INFO] BookmarksLoadDropped droppedNodes=0
2026-08-11 07:39:00.937: [INFO] BookmarksSnapshot Startup total=0 bar=0 other=0 mobile=0 showBar=0 showBarNTP=1
2026-08-11 07:40:32.120: [INFO] BookmarksSnapshot Shutdown total=0 bar=0 other=0 mobile=0 showBar=0 showBarNTP=1
2026-08-11 08:56:53.723: [INFO] CurrentProfilePath: C:\Users\seif9\source\repos\Ruby Exec 1\Ruby Exec 1\bin\x64\Debug\net10.0-windows\Ruby Exec 1.exe.WebView2\EBWebView\Default
2026-08-11 08:56:53.723: [INFO] Profiles total count: 1
2026-08-11 08:56:53.724: [INFO] Profile: name=Profil 1 path=C:\Users\seif9\source\repos\Ruby Exec 1\Ruby Exec 1\bin\x64\Debug\net10.0-windows\Ruby Exec 1.exe.WebView2\EBWebView\Default lastActive=2026-08-11T08:56:29.995Z
2026-08-11 08:56:53.724: [INFO] LastUsedProfileDir: C:\Users\seif9\source\repos\Ruby Exec 1\Ruby Exec 1\bin\x64\Debug\net10.0-windows\Ruby Exec 1.exe.WebView2\EBWebView\Default
2026-08-11 08:56:53.724: [INFO] MostRecentlyActiveProfile: name=Profil 1 path=C:\Users\seif9\source\repos\Ruby Exec 1\Ruby Exec 1\bin\x64\Debug\net10.0-windows\Ruby Exec 1.exe.WebView2\EBWebView\Default lastActive=2026-08-11T08:56:29.995Z
2026-08-11 08:56:53.724: [INFO] OnDoneLoading sync enabled: 0
2026-08-11 08:56:53.724: [INFO] BookmarkModelLoaded, ids_reassigned: 0
2026-08-11 08:56:53.724: [INFO] BookmarksLoadDropped droppedNodes=0
2026-08-11 08:56:53.724: [INFO] BookmarksSnapshot Startup total=0 bar=0 other=0 mobile=0 showBar=0 showBarNTP=1
2026-08-11 09:13:27.340: [INFO] BookmarksSnapshot Shutdown total=0 bar=0 other=0 mobile=0 showBar=0 showBarNTP=1
2026-08-11 09:13:36.784: [INFO] CurrentProfilePath: C:\Users\seif9\source\repos\Ruby Exec 1\Ruby Exec 1\bin\x64\Debug\net10.0-windows\Ruby Exec 1.exe.WebView2\EBWebView\Default
2026-08-11 09:13:36.784: [INFO] Profiles total count: 1
2026-08-11 09:13:36.784: [INFO] Profile: name=Profil 1 path=C:\Users\seif9\source\repos\Ruby Exec 1\Ruby Exec 1\bin\x64\Debug\net10.0-windows\Ruby Exec 1.exe.WebView2\EBWebView\Default lastActive=2026-08-11T08:56:55.817Z
2026-08-11 09:13:36.784: [INFO] LastUsedProfileDir: C:\Users\seif9\source\repos\Ruby Exec 1\Ruby Exec 1\bin\x64\Debug\net10.0-windows\Ruby Exec 1.exe.WebView2\EBWebView\Default
2026-08-11 09:13:36.784: [INFO] MostRecentlyActiveProfile: name=Profil 1 path=C:\Users\seif9\source\repos\Ruby Exec 1\Ruby Exec 1\bin\x64\Debug\net10.0-windows\Ruby Exec 1.exe.WebView2\EBWebView\Default lastActive=2026-08-11T08:56:55.817Z
2026-08-11 09:13:36.784: [INFO] OnDoneLoading sync enabled: 0
2026-08-11 09:13:36.784: [INFO] BookmarkModelLoaded, ids_reassigned: 0
2026-08-11 09:13:36.784: [INFO] BookmarksLoadDropped droppedNodes=0
2026-08-11 09:13:36.784: [INFO] BookmarksSnapshot Startup total=0 bar=0 other=0 mobile=0 showBar=0 showBarNTP=1
2026-08-11 09:23:35.156: [INFO] BookmarksSnapshot Shutdown total=0 bar=0 other=0 mobile=0 showBar=0 showBarNTP=1
2026-08-11 10:19:50.611: [INFO] CurrentProfilePath: C:\Users\seif9\source\repos\Ruby Exec 1\Ruby Exec 1\bin\x64\Debug\net10.0-windows\Ruby Exec 1.exe.WebView2\EBWebView\Default
2026-08-11 10:19:50.611: [INFO] Profiles total count: 1
2026-08-11 10:19:50.613: [INFO] Profile: name=Profil 1 path=C:\Users\seif9\source\repos\Ruby Exec 1\Ruby Exec 1\bin\x64\Debug\net10.0-windows\Ruby Exec 1.exe.WebView2\EBWebView\Default lastActive=2026-08-11T09:13:39.443Z
2026-08-11 10:19:50.613: [INFO] LastUsedProfileDir: C:\Users\seif9\source\repos\Ruby Exec 1\Ruby Exec 1\bin\x64\Debug\net10.0-windows\Ruby Exec 1.exe.WebView2\EBWebView\Default
2026-08-11 10:19:50.613: [INFO] MostRecentlyActiveProfile: name=Profil 1 path=C:\Users\seif9\source\repos\Ruby Exec 1\Ruby Exec 1\bin\x64\Debug\net10.0-windows\Ruby Exec 1.exe.WebView2\EBWebView\Default lastActive=2026-08-11T09:13:39.443Z
2026-08-11 10:19:50.613: [INFO] OnDoneLoading sync enabled: 0
2026-08-11 10:19:50.613: [INFO] BookmarkModelLoaded, ids_reassigned: 0
2026-08-11 10:19:50.613: [INFO] BookmarksLoadDropped droppedNodes=0
2026-08-11 10:19:50.613: [INFO] BookmarksSnapshot Startup total=0 bar=0 other=0 mobile=0 showBar=0 showBarNTP=1
2026-08-11 10:19:57.025: [INFO] BookmarksSnapshot Shutdown total=0 bar=0 other=0 mobile=0 showBar=0 showBarNTP=1
2026-08-11 10:21:00.743: [INFO] CurrentProfilePath: C:\Users\seif9\source\repos\Ruby Exec 1\Ruby Exec 1\bin\x64\Debug\net10.0-windows\Ruby Exec 1.exe.WebView2\EBWebView\Default
2026-08-11 10:21:00.743: [INFO] Profiles total count: 1
2026-08-11 10:21:00.743: [INFO] Profile: name=Profil 1 path=C:\Users\seif9\source\repos\Ruby Exec 1\Ruby Exec 1\bin\x64\Debug\net10.0-windows\Ruby Exec 1.exe.WebView2\EBWebView\Default lastActive=2026-08-11T10:19:53.178Z
2026-08-11 10:21:00.743: [INFO] LastUsedProfileDir: C:\Users\seif9\source\repos\Ruby Exec 1\Ruby Exec 1\bin\x64\Debug\net10.0-windows\Ruby Exec 1.exe.WebView2\EBWebView\Default
2026-08-11 10:21:00.743: [INFO] MostRecentlyActiveProfile: name=Profil 1 path=C:\Users\seif9\source\repos\Ruby Exec 1\Ruby Exec 1\bin\x64\Debug\net10.0-windows\Ruby Exec 1.exe.WebView2\EBWebView\Default lastActive=2026-08-11T10:19:53.178Z
2026-08-11 10:21:00.743: [INFO] OnDoneLoading sync enabled: 0
2026-08-11 10:21:00.743: [INFO] BookmarkModelLoaded, ids_reassigned: 0
2026-08-11 10:21:00.743: [INFO] BookmarksLoadDropped droppedNodes=0
2026-08-11 10:21:00.743: [INFO] BookmarksSnapshot Startup total=0 bar=0 other=0 mobile=0 showBar=0 showBarNTP=1
2026-08-11 10:21:13.482: [INFO] BookmarksSnapshot Shutdown total=0 bar=0 other=0 mobile=0 showBar=0 showBarNTP=1
2026-08-11 10:28:35.731: [INFO] CurrentProfilePath: C:\Users\seif9\source\repos\Ruby Exec 1\Ruby Exec 1\bin\x64\Debug\net10.0-windows\Ruby Exec 1.exe.WebView2\EBWebView\Default
2026-08-11 10:28:35.731: [INFO] Profiles total count: 1
2026-08-11 10:28:35.731: [INFO] Profile: name=Profil 1 path=C:\Users\seif9\source\repos\Ruby Exec 1\Ruby Exec 1\bin\x64\Debug\net10.0-windows\Ruby Exec 1.exe.WebView2\EBWebView\Default lastActive=2026-08-11T10:27:26.114Z
2026-08-11 10:28:35.731: [INFO] LastUsedProfileDir: C:\Users\seif9\source\repos\Ruby Exec 1\Ruby Exec 1\bin\x64\Debug\net10.0-windows\Ruby Exec 1.exe.WebView2\EBWebView\Default
2026-08-11 10:28:35.731: [INFO] MostRecentlyActiveProfile: name=Profil 1 path=C:\Users\seif9\source\repos\Ruby Exec 1\Ruby Exec 1\bin\x64\Debug\net10.0-windows\Ruby Exec 1.exe.WebView2\EBWebView\Default lastActive=2026-08-11T10:27:26.114Z
2026-08-11 10:28:35.731: [INFO] OnDoneLoading sync enabled: 0
2026-08-11 10:28:35.731: [INFO] BookmarkModelLoaded, ids_reassigned: 0
2026-08-11 10:28:35.731: [INFO] BookmarksLoadDropped droppedNodes=0
2026-08-11 10:28:35.731: [INFO] BookmarksSnapshot Startup total=0 bar=0 other=0 mobile=0 showBar=0 showBarNTP=1
2026-08-11 10:28:59.705: [INFO] BookmarksSnapshot Shutdown total=0 bar=0 other=0 mobile=0 showBar=0 showBarNTP=1
2026-08-11 11:06:12.129: [INFO] CurrentProfilePath: C:\Users\seif9\source\repos\Ruby Exec 1\Ruby Exec 1\bin\x64\Debug\net10.0-windows\Ruby Exec 1.exe.WebView2\EBWebView\Default
2026-08-11 11:06:12.129: [INFO] Profiles total count: 1
2026-08-11 11:06:12.129: [INFO] Profile: name=Profil 1 path=C:\Users\seif9\source\repos\Ruby Exec 1\Ruby Exec 1\bin\x64\Debug\net10.0-windows\Ruby Exec 1.exe.WebView2\EBWebView\Default lastActive=2026-08-11T10:28:56.434Z
2026-08-11 11:06:12.129: [INFO] LastUsedProfileDir: C:\Users\seif9\source\repos\Ruby Exec 1\Ruby Exec 1\bin\x64\Debug\net10.0-windows\Ruby Exec 1.exe.WebView2\EBWebView\Default
2026-08-11 11:06:12.129: [INFO] MostRecentlyActiveProfile: name=Profil 1 path=C:\Users\seif9\source\repos\Ruby Exec 1\Ruby Exec 1\bin\x64\Debug\net10.0-windows\Ruby Exec 1.exe.WebView2\EBWebView\Default lastActive=2026-08-11T10:28:56.434Z
2026-08-11 11:06:12.129: [INFO] OnDoneLoading sync enabled: 0
2026-08-11 11:06:12.129: [INFO] BookmarkModelLoaded, ids_reassigned: 0
2026-08-11 11:06:12.129: [INFO] BookmarksLoadDropped droppedNodes=0
2026-08-11 11:06:12.129: [INFO] BookmarksSnapshot Startup total=0 bar=0 other=0 mobile=0 showBar=0 showBarNTP=1
2026-08-11 11:08:37.329: [INFO] BookmarksSnapshot Shutdown total=0 bar=0 other=0 mobile=0 showBar=0 showBarNTP=1
2026-08-11 11:26:38.692: [INFO] CurrentProfilePath: C:\Users\seif9\source\repos\Ruby Exec 1\Ruby Exec 1\bin\x64\Debug\net10.0-windows\Ruby Exec 1.exe.WebView2\EBWebView\Default
2026-08-11 11:26:38.692: [INFO] Profiles total count: 1
2026-08-11 11:26:38.693: [INFO] Profile: name=Profil 1 path=C:\Users\seif9\source\repos\Ruby Exec 1\Ruby Exec 1\bin\x64\Debug\net10.0-windows\Ruby Exec 1.exe.WebView2\EBWebView\Default lastActive=2026-08-11T11:08:25.029Z
2026-08-11 11:26:38.693: [INFO] LastUsedProfileDir: C:\Users\seif9\source\repos\Ruby Exec 1\Ruby Exec 1\bin\x64\Debug\net10.0-windows\Ruby Exec 1.exe.WebView2\EBWebView\Default
2026-08-11 11:26:38.693: [INFO] MostRecentlyActiveProfile: name=Profil 1 path=C:\Users\seif9\source\repos\Ruby Exec 1\Ruby Exec 1\bin\x64\Debug\net10.0-windows\Ruby Exec 1.exe.WebView2\EBWebView\Default lastActive=2026-08-11T11:08:25.029Z
2026-08-11 11:26:38.693: [INFO] OnDoneLoading sync enabled: 0
2026-08-11 11:26:38.693: [INFO] BookmarkModelLoaded, ids_reassigned: 0
2026-08-11 11:26:38.693: [INFO] BookmarksLoadDropped droppedNodes=0
2026-08-11 11:26:38.693: [INFO] BookmarksSnapshot Startup total=0 bar=0 other=0 mobile=0 showBar=0 showBarNTP=1
2026-08-11 11:26:49.003: [INFO] BookmarksSnapshot Shutdown total=0 bar=0 other=0 mobile=0 showBar=0 showBarNTP=1
2026-08-11 11:26:58.452: [INFO] CurrentProfilePath: C:\Users\seif9\source\repos\Ruby Exec 1\Ruby Exec 1\bin\x64\Debug\net10.0-windows\Ruby Exec 1.exe.WebView2\EBWebView\Default
2026-08-11 11:26:58.452: [INFO] Profiles total count: 1
2026-08-11 11:26:58.452: [INFO] Profile: name=Profil 1 path=C:\Users\seif9\source\repos\Ruby Exec 1\Ruby Exec 1\bin\x64\Debug\net10.0-windows\Ruby Exec 1.exe.WebView2\EBWebView\Default lastActive=2026-08-11T11:26:41.562Z
2026-08-11 11:26:58.452: [INFO] LastUsedProfileDir: C:\Users\seif9\source\repos\Ruby Exec 1\Ruby Exec 1\bin\x64\Debug\net10.0-windows\Ruby Exec 1.exe.WebView2\EBWebView\Default
2026-08-11 11:26:58.452: [INFO] MostRecentlyActiveProfile: name=Profil 1 path=C:\Users\seif9\source\repos\Ruby Exec 1\Ruby Exec 1\bin\x64\Debug\net10.0-windows\Ruby Exec 1.exe.WebView2\EBWebView\Default lastActive=2026-08-11T11:26:41.562Z
2026-08-11 11:26:58.452: [INFO] OnDoneLoading sync enabled: 0
2026-08-11 11:26:58.452: [INFO] BookmarkModelLoaded, ids_reassigned: 0
2026-08-11 11:26:58.452: [INFO] BookmarksLoadDropped droppedNodes=0
2026-08-11 11:26:58.452: [INFO] BookmarksSnapshot Startup total=0 bar=0 other=0 mobile=0 showBar=0 showBarNTP=1
2026-08-11 11:27:05.246: [INFO] BookmarksSnapshot Shutdown total=0 bar=0 other=0 mobile=0 showBar=0 showBarNTP=1
2026-08-11 11:34:00.863: [INFO] CurrentProfilePath: C:\Users\seif9\source\repos\Ruby Exec 1\Ruby Exec 1\bin\x64\Debug\net10.0-windows\Ruby Exec 1.exe.WebView2\EBWebView\Default
2026-08-11 11:34:00.863: [INFO] Profiles total count: 1
2026-08-11 11:34:00.863: [INFO] Profile: name=Profil 1 path=C:\Users\seif9\source\repos\Ruby Exec 1\Ruby Exec 1\bin\x64\Debug\net10.0-windows\Ruby Exec 1.exe.WebView2\EBWebView\Default lastActive=2026-08-11T11:27:01.177Z
2026-08-11 11:34:00.863: [INFO] LastUsedProfileDir: C:\Users\seif9\source\repos\Ruby Exec 1\Ruby Exec 1\bin\x64\Debug\net10.0-windows\Ruby Exec 1.exe.WebView2\EBWebView\Default
2026-08-11 11:34:00.863: [INFO] MostRecentlyActiveProfile: name=Profil 1 path=C:\Users\seif9\source\repos\Ruby Exec 1\Ruby Exec 1\bin\x64\Debug\net10.0-windows\Ruby Exec 1.exe.WebView2\EBWebView\Default lastActive=2026-08-11T11:27:01.177Z
2026-08-11 11:34:00.863: [INFO] OnDoneLoading sync enabled: 0
2026-08-11 11:34:00.863: [INFO] BookmarkModelLoaded, ids_reassigned: 0
2026-08-11 11:34:00.863: [INFO] BookmarksLoadDropped droppedNodes=0
2026-08-11 11:34:00.863: [INFO] BookmarksSnapshot Startup total=0 bar=0 other=0 mobile=0 showBar=0 showBarNTP=1
2026-08-11 11:55:35.690: [INFO] BookmarksSnapshot Shutdown total=0 bar=0 other=0 mobile=0 showBar=0 showBarNTP=1
2026-08-11 11:56:52.246: [INFO] CurrentProfilePath: C:\Users\seif9\source\repos\Ruby Exec 1\Ruby Exec 1\bin\x64\Debug\net10.0-windows\Ruby Exec 1.exe.WebView2\EBWebView\Default
2026-08-11 11:56:52.246: [INFO] Profiles total count: 1
2026-08-11 11:56:52.246: [INFO] Profile: name=Profil 1 path=C:\Users\seif9\source\repos\Ruby Exec 1\Ruby Exec 1\bin\x64\Debug\net10.0-windows\Ruby Exec 1.exe.WebView2\EBWebView\Default lastActive=2026-08-11T11:55:32.513Z
2026-08-11 11:56:52.246: [INFO] LastUsedProfileDir: C:\Users\seif9\source\repos\Ruby Exec 1\Ruby Exec 1\bin\x64\Debug\net10.0-windows\Ruby Exec 1.exe.WebView2\EBWebView\Default
2026-08-11 11:56:52.246: [INFO] MostRecentlyActiveProfile: name=Profil 1 path=C:\Users\seif9\source\repos\Ruby Exec 1\Ruby Exec 1\bin\x64\Debug\net10.0-windows\Ruby Exec 1.exe.WebView2\EBWebView\Default lastActive=2026-08-11T11:55:32.513Z
2026-08-11 11:56:52.246: [INFO] OnDoneLoading sync enabled: 0
2026-08-11 11:56:52.246: [INFO] BookmarkModelLoaded, ids_reassigned: 0
2026-08-11 11:56:52.246: [INFO] BookmarksLoadDropped droppedNodes=0
2026-08-11 11:56:52.246: [INFO] BookmarksSnapshot Startup total=0 bar=0 other=0 mobile=0 showBar=0 showBarNTP=1
2026-08-11 11:57:26.025: [INFO] BookmarksSnapshot Shutdown total=0 bar=0 other=0 mobile=0 showBar=0 showBarNTP=1
2026-08-11 12:04:05.920: [INFO] CurrentProfilePath: C:\Users\seif9\source\repos\Ruby Exec 1\Ruby Exec 1\bin\x64\Debug\net10.0-windows\Ruby Exec 1.exe.WebView2\EBWebView\Default
2026-08-11 12:04:05.920: [INFO] Profiles total count: 1
2026-08-11 12:04:05.921: [INFO] Profile: name=Profil 1 path=C:\Users\seif9\source\repos\Ruby Exec 1\Ruby Exec 1\bin\x64\Debug\net10.0-windows\Ruby Exec 1.exe.WebView2\EBWebView\Default lastActive=2026-08-11T11:57:18.537Z
2026-08-11 12:04:05.921: [INFO] LastUsedProfileDir: C:\Users\seif9\source\repos\Ruby Exec 1\Ruby Exec 1\bin\x64\Debug\net10.0-windows\Ruby Exec 1.exe.WebView2\EBWebView\Default
2026-08-11 12:04:05.921: [INFO] MostRecentlyActiveProfile: name=Profil 1 path=C:\Users\seif9\source\repos\Ruby Exec 1\Ruby Exec 1\bin\x64\Debug\net10.0-windows\Ruby Exec 1.exe.WebView2\EBWebView\Default lastActive=2026-08-11T11:57:18.537Z
2026-08-11 12:04:05.921: [INFO] OnDoneLoading sync enabled: 0
2026-08-11 12:04:05.921: [INFO] BookmarkModelLoaded, ids_reassigned: 0
2026-08-11 12:04:05.921: [INFO] BookmarksLoadDropped droppedNodes=0
2026-08-11 12:04:05.921: [INFO] BookmarksSnapshot Startup total=0 bar=0 other=0 mobile=0 showBar=0 showBarNTP=1
2026-08-11 12:05:13.700: [INFO] BookmarksSnapshot Shutdown total=0 bar=0 other=0 mobile=0 showBar=0 showBarNTP=1
2026-08-11 12:14:40.849: [INFO] CurrentProfilePath: C:\Users\seif9\source\repos\Ruby Exec 1\Ruby Exec 1\bin\x64\Debug\net10.0-windows\Ruby Exec 1.exe.WebView2\EBWebView\Default
2026-08-11 12:14:40.849: [INFO] Profiles total count: 1
2026-08-11 12:14:40.849: [INFO] Profile: name=Profil 1 path=C:\Users\seif9\source\repos\Ruby Exec 1\Ruby Exec 1\bin\x64\Debug\net10.0-windows\Ruby Exec 1.exe.WebView2\EBWebView\Default lastActive=2026-08-11T12:04:59.317Z
2026-08-11 12:14:40.849: [INFO] LastUsedProfileDir: C:\Users\seif9\source\repos\Ruby Exec 1\Ruby Exec 1\bin\x64\Debug\net10.0-windows\Ruby Exec 1.exe.WebView2\EBWebView\Default
2026-08-11 12:14:40.849: [INFO] MostRecentlyActiveProfile: name=Profil 1 path=C:\Users\seif9\source\repos\Ruby Exec 1\Ruby Exec 1\bin\x64\Debug\net10.0-windows\Ruby Exec 1.exe.WebView2\EBWebView\Default lastActive=2026-08-11T12:04:59.317Z
2026-08-11 12:14:40.849: [INFO] OnDoneLoading sync enabled: 0
2026-08-11 12:14:40.849: [INFO] BookmarkModelLoaded, ids_reassigned: 0
2026-08-11 12:14:40.849: [INFO] BookmarksLoadDropped droppedNodes=0
2026-08-11 12:14:40.849: [INFO] BookmarksSnapshot Startup total=0 bar=0 other=0 mobile=0 showBar=0 showBarNTP=1
2026-08-11 12:15:45.788: [INFO] BookmarksSnapshot Shutdown total=0 bar=0 other=0 mobile=0 showBar=0 showBarNTP=1
2026-08-11 12:22:48.788: [INFO] CurrentProfilePath: C:\Users\seif9\source\repos\Ruby Exec 1\Ruby Exec 1\bin\x64\Debug\net10.0-windows\Ruby Exec 1.exe.WebView2\EBWebView\Default
2026-08-11 12:22:48.788: [INFO] Profiles total count: 1
2026-08-11 12:22:48.788: [INFO] Profile: name=Profil 1 path=C:\Users\seif9\source\repos\Ruby Exec 1\Ruby Exec 1\bin\x64\Debug\net10.0-windows\Ruby Exec 1.exe.WebView2\EBWebView\Default lastActive=2026-08-11T12:15:39.164Z
2026-08-11 12:22:48.788: [INFO] LastUsedProfileDir: C:\Users\seif9\source\repos\Ruby Exec 1\Ruby Exec 1\bin\x64\Debug\net10.0-windows\Ruby Exec 1.exe.WebView2\EBWebView\Default
2026-08-11 12:22:48.788: [INFO] MostRecentlyActiveProfile: name=Profil 1 path=C:\Users\seif9\source\repos\Ruby Exec 1\Ruby Exec 1\bin\x64\Debug\net10.0-windows\Ruby Exec 1.exe.WebView2\EBWebView\Default lastActive=2026-08-11T12:15:39.164Z
2026-08-11 12:22:48.788: [INFO] OnDoneLoading sync enabled: 0
2026-08-11 12:22:48.788: [INFO] BookmarkModelLoaded, ids_reassigned: 0
2026-08-11 12:22:48.788: [INFO] BookmarksLoadDropped droppedNodes=0
2026-08-11 12:22:48.788: [INFO] BookmarksSnapshot Startup total=0 bar=0 other=0 mobile=0 showBar=0 showBarNTP=1
2026-08-11 12:34:47.630: [INFO] BookmarksSnapshot Shutdown total=0 bar=0 other=0 mobile=0 showBar=0 showBarNTP=1
2026-08-11 12:34:52.654: [INFO] CurrentProfilePath: C:\Users\seif9\source\repos\Ruby Exec 1\Ruby Exec 1\bin\x64\Debug\net10.0-windows\Ruby Exec 1.exe.WebView2\EBWebView\Default
2026-08-11 12:34:52.654: [INFO] Profiles total count: 1
2026-08-11 12:34:52.654: [INFO] Profile: name=Profil 1 path=C:\Users\seif9\source\repos\Ruby Exec 1\Ruby Exec 1\bin\x64\Debug\net10.0-windows\Ruby Exec 1.exe.WebView2\EBWebView\Default lastActive=2026-08-11T12:23:35.146Z
2026-08-11 12:34:52.654: [INFO] LastUsedProfileDir: C:\Users\seif9\source\repos\Ruby Exec 1\Ruby Exec 1\bin\x64\Debug\net10.0-windows\Ruby Exec 1.exe.WebView2\EBWebView\Default
2026-08-11 12:34:52.654: [INFO] MostRecentlyActiveProfile: name=Profil 1 path=C:\Users\seif9\source\repos\Ruby Exec 1\Ruby Exec 1\bin\x64\Debug\net10.0-windows\Ruby Exec 1.exe.WebView2\EBWebView\Default lastActive=2026-08-11T12:23:35.146Z
2026-08-11 12:34:52.654: [INFO] OnDoneLoading sync enabled: 0
2026-08-11 12:34:52.654: [INFO] BookmarkModelLoaded, ids_reassigned: 0
2026-08-11 12:34:52.654: [INFO] BookmarksLoadDropped droppedNodes=0
2026-08-11 12:34:52.654: [INFO] BookmarksSnapshot Startup total=0 bar=0 other=0 mobile=0 showBar=0 showBarNTP=1
2026-08-11 12:42:24.468: [INFO] BookmarksSnapshot Shutdown total=0 bar=0 other=0 mobile=0 showBar=0 showBarNTP=1
2026-08-11 12:42:27.034: [INFO] CurrentProfilePath: C:\Users\seif9\source\repos\Ruby Exec 1\Ruby Exec 1\bin\x64\Debug\net10.0-windows\Ruby Exec 1.exe.WebView2\EBWebView\Default
2026-08-11 12:42:27.034: [INFO] Profiles total count: 1
2026-08-11 12:42:27.034: [INFO] Profile: name=Profil 1 path=C:\Users\seif9\source\repos\Ruby Exec 1\Ruby Exec 1\bin\x64\Debug\net10.0-windows\Ruby Exec 1.exe.WebView2\EBWebView\Default lastActive=2026-08-11T12:34:54.417Z
2026-08-11 12:42:27.034: [INFO] LastUsedProfileDir: C:\Users\seif9\source\repos\Ruby Exec 1\Ruby Exec 1\bin\x64\Debug\net10.0-windows\Ruby Exec 1.exe.WebView2\EBWebView\Default
2026-08-11 12:42:27.034: [INFO] MostRecentlyActiveProfile: name=Profil 1 path=C:\Users\seif9\source\repos\Ruby Exec 1\Ruby Exec 1\bin\x64\Debug\net10.0-windows\Ruby Exec 1.exe.WebView2\EBWebView\Default lastActive=2026-08-11T12:34:54.417Z
2026-08-11 12:42:27.034: [INFO] OnDoneLoading sync enabled: 0
2026-08-11 12:42:27.034: [INFO] BookmarkModelLoaded, ids_reassigned: 0
2026-08-11 12:42:27.034: [INFO] BookmarksLoadDropped droppedNodes=0
2026-08-11 12:42:27.034: [INFO] BookmarksSnapshot Startup total=0 bar=0 other=0 mobile=0 showBar=0 showBarNTP=1
2026-08-11 12:43:27.071: [INFO] BookmarksSnapshot Shutdown total=0 bar=0 other=0 mobile=0 showBar=0 showBarNTP=1
2026-08-11 12:53:18.347: [INFO] CurrentProfilePath: C:\Users\seif9\source\repos\Ruby Exec 1\Ruby Exec 1\bin\x64\Debug\net10.0-windows\Ruby Exec 1.exe.WebView2\EBWebView\Default
2026-08-11 12:53:18.347: [INFO] Profiles total count: 1
2026-08-11 12:53:18.348: [INFO] Profile: name=Profil 1 path=C:\Users\seif9\source\repos\Ruby Exec 1\Ruby Exec 1\bin\x64\Debug\net10.0-windows\Ruby Exec 1.exe.WebView2\EBWebView\Default lastActive=2026-08-11T12:42:29.633Z
2026-08-11 12:53:18.348: [INFO] LastUsedProfileDir: C:\Users\seif9\source\repos\Ruby Exec 1\Ruby Exec 1\bin\x64\Debug\net10.0-windows\Ruby Exec 1.exe.WebView2\EBWebView\Default
2026-08-11 12:53:18.348: [INFO] MostRecentlyActiveProfile: name=Profil 1 path=C:\Users\seif9\source\repos\Ruby Exec 1\Ruby Exec 1\bin\x64\Debug\net10.0-windows\Ruby Exec 1.exe.WebView2\EBWebView\Default lastActive=2026-08-11T12:42:29.633Z
2026-08-11 12:53:18.348: [INFO] OnDoneLoading sync enabled: 0
2026-08-11 12:53:18.348: [INFO] BookmarkModelLoaded, ids_reassigned: 0
2026-08-11 12:53:18.348: [INFO] BookmarksLoadDropped droppedNodes=0
2026-08-11 12:53:18.348: [INFO] BookmarksSnapshot Startup total=0 bar=0 other=0 mobile=0 showBar=0 showBarNTP=1
2026-08-11 13:12:43.512: [INFO] BookmarksSnapshot Shutdown total=0 bar=0 other=0 mobile=0 showBar=0 showBarNTP=1
2026-08-11 13:13:36.265: [INFO] CurrentProfilePath: C:\Users\seif9\source\repos\Ruby Exec 1\Ruby Exec 1\bin\x64\Debug\net10.0-windows\Ruby Exec 1.exe.WebView2\EBWebView\Default
2026-08-11 13:13:36.265: [INFO] Profiles total count: 1
2026-08-11 13:13:36.266: [INFO] Profile: name=Profil 1 path=C:\Users\seif9\source\repos\Ruby Exec 1\Ruby Exec 1\bin\x64\Debug\net10.0-windows\Ruby Exec 1.exe.WebView2\EBWebView\Default lastActive=2026-08-11T13:04:35.256Z
2026-08-11 13:13:36.266: [INFO] LastUsedProfileDir: C:\Users\seif9\source\repos\Ruby Exec 1\Ruby Exec 1\bin\x64\Debug\net10.0-windows\Ruby Exec 1.exe.WebView2\EBWebView\Default
2026-08-11 13:13:36.266: [INFO] MostRecentlyActiveProfile: name=Profil 1 path=C:\Users\seif9\source\repos\Ruby Exec 1\Ruby Exec 1\bin\x64\Debug\net10.0-windows\Ruby Exec 1.exe.WebView2\EBWebView\Default lastActive=2026-08-11T13:04:35.256Z
2026-08-11 13:13:36.266: [INFO] OnDoneLoading sync enabled: 0
2026-08-11 13:13:36.266: [INFO] BookmarkModelLoaded, ids_reassigned: 0
2026-08-11 13:13:36.266: [INFO] BookmarksLoadDropped droppedNodes=0
2026-08-11 13:13:36.266: [INFO] BookmarksSnapshot Startup total=0 bar=0 other=0 mobile=0 showBar=0 showBarNTP=1
2026-08-11 13:15:50.367: [INFO] BookmarksSnapshot Shutdown total=0 bar=0 other=0 mobile=0 showBar=0 showBarNTP=1
2026-08-11 13:17:41.408: [INFO] CurrentProfilePath: C:\Users\seif9\source\repos\Ruby Exec 1\Ruby Exec 1\bin\x64\Debug\net10.0-windows\Ruby Exec 1.exe.WebView2\EBWebView\Default
2026-08-11 13:17:41.408: [INFO] Profiles total count: 1
2026-08-11 13:17:41.408: [INFO] Profile: name=Profil 1 path=C:\Users\seif9\source\repos\Ruby Exec 1\Ruby Exec 1\bin\x64\Debug\net10.0-windows\Ruby Exec 1.exe.WebView2\EBWebView\Default lastActive=2026-08-11T13:15:57.720Z
2026-08-11 13:17:41.408: [INFO] LastUsedProfileDir: C:\Users\seif9\source\repos\Ruby Exec 1\Ruby Exec 1\bin\x64\Debug\net10.0-windows\Ruby Exec 1.exe.WebView2\EBWebView\Default
2026-08-11 13:17:41.408: [INFO] MostRecentlyActiveProfile: name=Profil 1 path=C:\Users\seif9\source\repos\Ruby Exec 1\Ruby Exec 1\bin\x64\Debug\net10.0-windows\Ruby Exec 1.exe.WebView2\EBWebView\Default lastActive=2026-08-11T13:15:57.720Z
2026-08-11 13:17:41.408: [INFO] OnDoneLoading sync enabled: 0
2026-08-11 13:17:41.408: [INFO] BookmarkModelLoaded, ids_reassigned: 0
2026-08-11 13:17:41.409: [INFO] BookmarksLoadDropped droppedNodes=0
2026-08-11 13:17:41.409: [INFO] BookmarksSnapshot Startup total=0 bar=0 other=0 mobile=0 showBar=0 showBarNTP=1
2026-08-11 13:18:22.583: [INFO] BookmarksSnapshot Shutdown total=0 bar=0 other=0 mobile=0 showBar=0 showBarNTP=1
2026-08-11 13:18:42.999: [INFO] CurrentProfilePath: C:\Users\seif9\source\repos\Ruby Exec 1\Ruby Exec 1\bin\x64\Debug\net10.0-windows\Ruby Exec 1.exe.WebView2\EBWebView\Default
2026-08-11 13:18:42.999: [INFO] Profiles total count: 1
2026-08-11 13:18:43.000: [INFO] Profile: name=Profil 1 path=C:\Users\seif9\source\repos\Ruby Exec 1\Ruby Exec 1\bin\x64\Debug\net10.0-windows\Ruby Exec 1.exe.WebView2\EBWebView\Default lastActive=2026-08-11T13:15:57.720Z
2026-08-11 13:18:43.000: [INFO] LastUsedProfileDir: C:\Users\seif9\source\repos\Ruby Exec 1\Ruby Exec 1\bin\x64\Debug\net10.0-windows\Ruby Exec 1.exe.WebView2\EBWebView\Default
2026-08-11 13:18:43.000: [INFO] MostRecentlyActiveProfile: name=Profil 1 path=C:\Users\seif9\source\repos\Ruby Exec 1\Ruby Exec 1\bin\x64\Debug\net10.0-windows\Ruby Exec 1.exe.WebView2\EBWebView\Default lastActive=2026-08-11T13:15:57.720Z
2026-08-11 13:18:43.000: [INFO] OnDoneLoading sync enabled: 0
2026-08-11 13:18:43.000: [INFO] BookmarkModelLoaded, ids_reassigned: 0
2026-08-11 13:18:43.000: [INFO] BookmarksLoadDropped droppedNodes=0
2026-08-11 13:18:43.000: [INFO] BookmarksSnapshot Startup total=0 bar=0 other=0 mobile=0 showBar=0 showBarNTP=1
2026-08-11 13:19:53.977: [INFO] BookmarksSnapshot Shutdown total=0 bar=0 other=0 mobile=0 showBar=0 showBarNTP=1
2026-08-11 13:21:29.492: [INFO] CurrentProfilePath: C:\Users\seif9\source\repos\Ruby Exec 1\Ruby Exec 1\bin\x64\Debug\net10.0-windows\Ruby Exec 1.exe.WebView2\EBWebView\Default
2026-08-11 13:21:29.492: [INFO] Profiles total count: 1
2026-08-11 13:21:29.492: [INFO] Profile: name=Profil 1 path=C:\Users\seif9\source\repos\Ruby Exec 1\Ruby Exec 1\bin\x64\Debug\net10.0-windows\Ruby Exec 1.exe.WebView2\EBWebView\Default lastActive=2026-08-11T13:15:57.720Z
2026-08-11 13:21:29.492: [INFO] LastUsedProfileDir: C:\Users\seif9\source\repos\Ruby Exec 1\Ruby Exec 1\bin\x64\Debug\net10.0-windows\Ruby Exec 1.exe.WebView2\EBWebView\Default
2026-08-11 13:21:29.492: [INFO] MostRecentlyActiveProfile: name=Profil 1 path=C:\Users\seif9\source\repos\Ruby Exec 1\Ruby Exec 1\bin\x64\Debug\net10.0-windows\Ruby Exec 1.exe.WebView2\EBWebView\Default lastActive=2026-08-11T13:15:57.720Z
2026-08-11 13:21:29.492: [INFO] OnDoneLoading sync enabled: 0
2026-08-11 13:21:29.492: [INFO] BookmarkModelLoaded, ids_reassigned: 0
2026-08-11 13:21:29.492: [INFO] BookmarksLoadDropped droppedNodes=0
2026-08-11 13:21:29.492: [INFO] BookmarksSnapshot Startup total=0 bar=0 other=0 mobile=0 showBar=0 showBarNTP=1
2026-08-11 13:25:20.244: [INFO] BookmarksSnapshot Shutdown total=0 bar=0 other=0 mobile=0 showBar=0 showBarNTP=1
2026-08-11 13:31:21.942: [INFO] CurrentProfilePath: C:\Users\seif9\source\repos\Ruby Exec 1\Ruby Exec 1\bin\x64\Debug\net10.0-windows\Ruby Exec 1.exe.WebView2\EBWebView\Default
2026-08-11 13:31:21.942: [INFO] Profiles total count: 1
2026-08-11 13:31:21.942: [INFO] Profile: name=Profil 1 path=C:\Users\seif9\source\repos\Ruby Exec 1\Ruby Exec 1\bin\x64\Debug\net10.0-windows\Ruby Exec 1.exe.WebView2\EBWebView\Default lastActive=2026-08-11T13:23:35.587Z
2026-08-11 13:31:21.942: [INFO] LastUsedProfileDir: C:\Users\seif9\source\repos\Ruby Exec 1\Ruby Exec 1\bin\x64\Debug\net10.0-windows\Ruby Exec 1.exe.WebView2\EBWebView\Default
2026-08-11 13:31:21.942: [INFO] MostRecentlyActiveProfile: name=Profil 1 path=C:\Users\seif9\source\repos\Ruby Exec 1\Ruby Exec 1\bin\x64\Debug\net10.0-windows\Ruby Exec 1.exe.WebView2\EBWebView\Default lastActive=2026-08-11T13:23:35.587Z
2026-08-11 13:31:21.942: [INFO] OnDoneLoading sync enabled: 0
2026-08-11 13:31:21.942: [INFO] BookmarkModelLoaded, ids_reassigned: 0
2026-08-11 13:31:21.942: [INFO] BookmarksLoadDropped droppedNodes=0
2026-08-11 13:31:21.942: [INFO] BookmarksSnapshot Startup total=0 bar=0 other=0 mobile=0 showBar=0 showBarNTP=1
2026-08-11 13:33:33.500: [INFO] BookmarksSnapshot Shutdown total=0 bar=0 other=0 mobile=0 showBar=0 showBarNTP=1
2026-08-11 13:33:35.969: [INFO] CurrentProfilePath: C:\Users\seif9\source\repos\Ruby Exec 1\Ruby Exec 1\bin\x64\Debug\net10.0-windows\Ruby Exec 1.exe.WebView2\EBWebView\Default
2026-08-11 13:33:35.969: [INFO] Profiles total count: 1
2026-08-11 13:33:35.969: [INFO] Profile: name=Profil 1 path=C:\Users\seif9\source\repos\Ruby Exec 1\Ruby Exec 1\bin\x64\Debug\net10.0-windows\Ruby Exec 1.exe.WebView2\EBWebView\Default lastActive=2026-08-11T13:31:25.132Z
2026-08-11 13:33:35.969: [INFO] LastUsedProfileDir: C:\Users\seif9\source\repos\Ruby Exec 1\Ruby Exec 1\bin\x64\Debug\net10.0-windows\Ruby Exec 1.exe.WebView2\EBWebView\Default
2026-08-11 13:33:35.969: [INFO] MostRecentlyActiveProfile: name=Profil 1 path=C:\Users\seif9\source\repos\Ruby Exec 1\Ruby Exec 1\bin\x64\Debug\net10.0-windows\Ruby Exec 1.exe.WebView2\EBWebView\Default lastActive=2026-08-11T13:31:25.132Z
2026-08-11 13:33:35.969: [INFO] OnDoneLoading sync enabled: 0
2026-08-11 13:33:35.969: [INFO] BookmarkModelLoaded, ids_reassigned: 0
2026-08-11 13:33:35.969: [INFO] BookmarksLoadDropped droppedNodes=0
2026-08-11 13:33:35.969: [INFO] BookmarksSnapshot Startup total=0 bar=0 other=0 mobile=0 showBar=0 showBarNTP=1
2026-08-11 13:33:56.260: [INFO] BookmarksSnapshot Shutdown total=0 bar=0 other=0 mobile=0 showBar=0 showBarNTP=1
2026-08-11 13:43:35.552: [INFO] CurrentProfilePath: C:\Users\seif9\source\repos\Ruby Exec 1\Ruby Exec 1\bin\x64\Debug\net10.0-windows\Ruby Exec 1.exe.WebView2\EBWebView\Default
2026-08-11 13:43:35.552: [INFO] Profiles total count: 1
2026-08-11 13:43:35.552: [INFO] Profile: name=Profil 1 path=C:\Users\seif9\source\repos\Ruby Exec 1\Ruby Exec 1\bin\x64\Debug\net10.0-windows\Ruby Exec 1.exe.WebView2\EBWebView\Default lastActive=2026-08-11T13:43:20.963Z
2026-08-11 13:43:35.552: [INFO] LastUsedProfileDir: C:\Users\seif9\source\repos\Ruby Exec 1\Ruby Exec 1\bin\x64\Debug\net10.0-windows\Ruby Exec 1.exe.WebView2\EBWebView\Default
2026-08-11 13:43:35.552: [INFO] MostRecentlyActiveProfile: name=Profil 1 path=C:\Users\seif9\source\repos\Ruby Exec 1\Ruby Exec 1\bin\x64\Debug\net10.0-windows\Ruby Exec 1.exe.WebView2\EBWebView\Default lastActive=2026-08-11T13:43:20.963Z
2026-08-11 13:43:35.552: [INFO] OnDoneLoading sync enabled: 0
2026-08-11 13:43:35.552: [INFO] BookmarkModelLoaded, ids_reassigned: 0
2026-08-11 13:43:35.552: [INFO] BookmarksLoadDropped droppedNodes=0
2026-08-11 13:43:35.552: [INFO] BookmarksSnapshot Startup total=0 bar=0 other=0 mobile=0 showBar=0 showBarNTP=1
2026-08-11 13:43:39.345: [INFO] BookmarksSnapshot Shutdown total=0 bar=0 other=0 mobile=0 showBar=0 showBarNTP=1
2026-08-11 13:44:03.459: [INFO] CurrentProfilePath: C:\Users\seif9\source\repos\Ruby Exec 1\Ruby Exec 1\bin\x64\Debug\net10.0-windows\Ruby Exec 1.exe.WebView2\EBWebView\Default
2026-08-11 13:44:03.459: [INFO] Profiles total count: 1
2026-08-11 13:44:03.459: [INFO] Profile: name=Profil 1 path=C:\Users\seif9\source\repos\Ruby Exec 1\Ruby Exec 1\bin\x64\Debug\net10.0-windows\Ruby Exec 1.exe.WebView2\EBWebView\Default lastActive=2026-08-11T13:43:20.963Z
2026-08-11 13:44:03.459: [INFO] LastUsedProfileDir: C:\Users\seif9\source\repos\Ruby Exec 1\Ruby Exec 1\bin\x64\Debug\net10.0-windows\Ruby Exec 1.exe.WebView2\EBWebView\Default
2026-08-11 13:44:03.459: [INFO] MostRecentlyActiveProfile: name=Profil 1 path=C:\Users\seif9\source\repos\Ruby Exec 1\Ruby Exec 1\bin\x64\Debug\net10.0-windows\Ruby Exec 1.exe.WebView2\EBWebView\Default lastActive=2026-08-11T13:43:20.963Z
2026-08-11 13:44:03.459: [INFO] OnDoneLoading sync enabled: 0
2026-08-11 13:44:03.459: [INFO] BookmarkModelLoaded, ids_reassigned: 0
2026-08-11 13:44:03.459: [INFO] BookmarksLoadDropped droppedNodes=0
2026-08-11 13:44:03.459: [INFO] BookmarksSnapshot Startup total=0 bar=0 other=0 mobile=0 showBar=0 showBarNTP=1
2026-08-11 13:44:08.267: [INFO] BookmarksSnapshot Shutdown total=0 bar=0 other=0 mobile=0 showBar=0 showBarNTP=1
2026-08-11 13:44:13.345: [INFO] CurrentProfilePath: C:\Users\seif9\source\repos\Ruby Exec 1\Ruby Exec 1\bin\x64\Debug\net10.0-windows\Ruby Exec 1.exe.WebView2\EBWebView\Default
2026-08-11 13:44:13.345: [INFO] Profiles total count: 1
2026-08-11 13:44:13.346: [INFO] Profile: name=Profil 1 path=C:\Users\seif9\source\repos\Ruby Exec 1\Ruby Exec 1\bin\x64\Debug\net10.0-windows\Ruby Exec 1.exe.WebView2\EBWebView\Default lastActive=2026-08-11T13:43:20.963Z
2026-08-11 13:44:13.346: [INFO] LastUsedProfileDir: C:\Users\seif9\source\repos\Ruby Exec 1\Ruby Exec 1\bin\x64\Debug\net10.0-windows\Ruby Exec 1.exe.WebView2\EBWebView\Default
2026-08-11 13:44:13.346: [INFO] MostRecentlyActiveProfile: name=Profil 1 path=C:\Users\seif9\source\repos\Ruby Exec 1\Ruby Exec 1\bin\x64\Debug\net10.0-windows\Ruby Exec 1.exe.WebView2\EBWebView\Default lastActive=2026-08-11T13:43:20.963Z
2026-08-11 13:44:13.346: [INFO] OnDoneLoading sync enabled: 0
2026-08-11 13:44:13.346: [INFO] BookmarkModelLoaded, ids_reassigned: 0
2026-08-11 13:44:13.346: [INFO] BookmarksLoadDropped droppedNodes=0
2026-08-11 13:44:13.346: [INFO] BookmarksSnapshot Startup total=0 bar=0 other=0 mobile=0 showBar=0 showBarNTP=1
2026-08-11 13:46:32.049: [INFO] BookmarksSnapshot Shutdown total=0 bar=0 other=0 mobile=0 showBar=0 showBarNTP=1
2026-08-11 13:54:42.155: [INFO] CurrentProfilePath: C:\Users\seif9\source\repos\Ruby Exec 1\Ruby Exec 1\bin\x64\Debug\net10.0-windows\Ruby Exec 1.exe.WebView2\EBWebView\Default
2026-08-11 13:54:42.155: [INFO] Profiles total count: 1
2026-08-11 13:54:42.156: [INFO] Profile: name=Profil 1 path=C:\Users\seif9\source\repos\Ruby Exec 1\Ruby Exec 1\bin\x64\Debug\net10.0-windows\Ruby Exec 1.exe.WebView2\EBWebView\Default lastActive=2026-08-11T13:48:51.818Z
2026-08-11 13:54:42.156: [INFO] LastUsedProfileDir: C:\Users\seif9\source\repos\Ruby Exec 1\Ruby Exec 1\bin\x64\Debug\net10.0-windows\Ruby Exec 1.exe.WebView2\EBWebView\Default
2026-08-11 13:54:42.156: [INFO] MostRecentlyActiveProfile: name=Profil 1 path=C:\Users\seif9\source\repos\Ruby Exec 1\Ruby Exec 1\bin\x64\Debug\net10.0-windows\Ruby Exec 1.exe.WebView2\EBWebView\Default lastActive=2026-08-11T13:48:51.818Z
2026-08-11 13:54:42.156: [INFO] OnDoneLoading sync enabled: 0
2026-08-11 13:54:42.156: [INFO] BookmarkModelLoaded, ids_reassigned: 0
2026-08-11 13:54:42.156: [INFO] BookmarksLoadDropped droppedNodes=0
2026-08-11 13:54:42.156: [INFO] BookmarksSnapshot Startup total=0 bar=0 other=0 mobile=0 showBar=0 showBarNTP=1
2026-08-11 13:57:24.516: [INFO] BookmarksSnapshot Shutdown total=0 bar=0 other=0 mobile=0 showBar=0 showBarNTP=1
2026-08-11 13:58:44.157: [INFO] CurrentProfilePath: C:\Users\seif9\source\repos\Ruby Exec 1\Ruby Exec 1\bin\x64\Debug\net10.0-windows\Ruby Exec 1.exe.WebView2\EBWebView\Default
2026-08-11 13:58:44.157: [INFO] Profiles total count: 1
2026-08-11 13:58:44.157: [INFO] Profile: name=Profil 1 path=C:\Users\seif9\source\repos\Ruby Exec 1\Ruby Exec 1\bin\x64\Debug\net10.0-windows\Ruby Exec 1.exe.WebView2\EBWebView\Default lastActive=2026-08-11T13:54:57.882Z
2026-08-11 13:58:44.157: [INFO] LastUsedProfileDir: C:\Users\seif9\source\repos\Ruby Exec 1\Ruby Exec 1\bin\x64\Debug\net10.0-windows\Ruby Exec 1.exe.WebView2\EBWebView\Default
2026-08-11 13:58:44.157: [INFO] MostRecentlyActiveProfile: name=Profil 1 path=C:\Users\seif9\source\repos\Ruby Exec 1\Ruby Exec 1\bin\x64\Debug\net10.0-windows\Ruby Exec 1.exe.WebView2\EBWebView\Default lastActive=2026-08-11T13:54:57.882Z
2026-08-11 13:58:44.157: [INFO] OnDoneLoading sync enabled: 0
2026-08-11 13:58:44.157: [INFO] BookmarkModelLoaded, ids_reassigned: 0
2026-08-11 13:58:44.157: [INFO] BookmarksLoadDropped droppedNodes=0
2026-08-11 13:58:44.157: [INFO] BookmarksSnapshot Startup total=0 bar=0 other=0 mobile=0 showBar=0 showBarNTP=1
2026-08-11 14:01:52.483: [INFO] BookmarksSnapshot Shutdown total=0 bar=0 other=0 mobile=0 showBar=0 showBarNTP=1
2026-08-11 14:01:54.991: [INFO] CurrentProfilePath: C:\Users\seif9\source\repos\Ruby Exec 1\Ruby Exec 1\bin\x64\Debug\net10.0-windows\Ruby Exec 1.exe.WebView2\EBWebView\Default
2026-08-11 14:01:54.991: [INFO] Profiles total count: 1
2026-08-11 14:01:54.991: [INFO] Profile: name=Profil 1 path=C:\Users\seif9\source\repos\Ruby Exec 1\Ruby Exec 1\bin\x64\Debug\net10.0-windows\Ruby Exec 1.exe.WebView2\EBWebView\Default lastActive=2026-08-11T13:58:56.654Z
2026-08-11 14:01:54.991: [INFO] LastUsedProfileDir: C:\Users\seif9\source\repos\Ruby Exec 1\Ruby Exec 1\bin\x64\Debug\net10.0-windows\Ruby Exec 1.exe.WebView2\EBWebView\Default
2026-08-11 14:01:54.991: [INFO] MostRecentlyActiveProfile: name=Profil 1 path=C:\Users\seif9\source\repos\Ruby Exec 1\Ruby Exec 1\bin\x64\Debug\net10.0-windows\Ruby Exec 1.exe.WebView2\EBWebView\Default lastActive=2026-08-11T13:58:56.654Z
2026-08-11 14:01:54.991: [INFO] OnDoneLoading sync enabled: 0
2026-08-11 14:01:54.991: [INFO] BookmarkModelLoaded, ids_reassigned: 0
2026-08-11 14:01:54.991: [INFO] BookmarksLoadDropped droppedNodes=0
2026-08-11 14:01:54.991: [INFO] BookmarksSnapshot Startup total=0 bar=0 other=0 mobile=0 showBar=0 showBarNTP=1
2026-08-11 14:04:51.296: [INFO] BookmarksSnapshot Shutdown total=0 bar=0 other=0 mobile=0 showBar=0 showBarNTP=1
2026-08-11 14:07:27.719: [INFO] CurrentProfilePath: C:\Users\seif9\source\repos\Ruby Exec 1\Ruby Exec 1\bin\x64\Debug\net10.0-windows\Ruby Exec 1.exe.WebView2\EBWebView\Default
2026-08-11 14:07:27.719: [INFO] Profiles total count: 1
2026-08-11 14:07:27.719: [INFO] Profile: name=Profil 1 path=C:\Users\seif9\source\repos\Ruby Exec 1\Ruby Exec 1\bin\x64\Debug\net10.0-windows\Ruby Exec 1.exe.WebView2\EBWebView\Default lastActive=2026-08-11T13:58:56.654Z
2026-08-11 14:07:27.719: [INFO] LastUsedProfileDir: C:\Users\seif9\source\repos\Ruby Exec 1\Ruby Exec 1\bin\x64\Debug\net10.0-windows\Ruby Exec 1.exe.WebView2\EBWebView\Default
2026-08-11 14:07:27.719: [INFO] MostRecentlyActiveProfile: name=Profil 1 path=C:\Users\seif9\source\repos\Ruby Exec 1\Ruby Exec 1\bin\x64\Debug\net10.0-windows\Ruby Exec 1.exe.WebView2\EBWebView\Default lastActive=2026-08-11T13:58:56.654Z
2026-08-11 14:07:27.719: [INFO] OnDoneLoading sync enabled: 0
2026-08-11 14:07:27.719: [INFO] BookmarkModelLoaded, ids_reassigned: 0
2026-08-11 14:07:27.719: [INFO] BookmarksLoadDropped droppedNodes=0
2026-08-11 14:07:27.719: [INFO] BookmarksSnapshot Startup total=0 bar=0 other=0 mobile=0 showBar=0 showBarNTP=1
2026-08-11 14:07:44.276: [INFO] BookmarksSnapshot Shutdown total=0 bar=0 other=0 mobile=0 showBar=0 showBarNTP=1
2026-08-11 14:07:47.979: [INFO] CurrentProfilePath: C:\Users\seif9\source\repos\Ruby Exec 1\Ruby Exec 1\bin\x64\Debug\net10.0-windows\Ruby Exec 1.exe.WebView2\EBWebView\Default
2026-08-11 14:07:47.979: [INFO] Profiles total count: 1
2026-08-11 14:07:47.979: [INFO] Profile: name=Profil 1 path=C:\Users\seif9\source\repos\Ruby Exec 1\Ruby Exec 1\bin\x64\Debug\net10.0-windows\Ruby Exec 1.exe.WebView2\EBWebView\Default lastActive=2026-08-11T14:07:29.912Z
2026-08-11 14:07:47.979: [INFO] LastUsedProfileDir: C:\Users\seif9\source\repos\Ruby Exec 1\Ruby Exec 1\bin\x64\Debug\net10.0-windows\Ruby Exec 1.exe.WebView2\EBWebView\Default
2026-08-11 14:07:47.979: [INFO] MostRecentlyActiveProfile: name=Profil 1 path=C:\Users\seif9\source\repos\Ruby Exec 1\Ruby Exec 1\bin\x64\Debug\net10.0-windows\Ruby Exec 1.exe.WebView2\EBWebView\Default lastActive=2026-08-11T14:07:29.912Z
2026-08-11 14:07:47.979: [INFO] OnDoneLoading sync enabled: 0
2026-08-11 14:07:47.979: [INFO] BookmarkModelLoaded, ids_reassigned: 0
2026-08-11 14:07:47.979: [INFO] BookmarksLoadDropped droppedNodes=0
2026-08-11 14:07:47.979: [INFO] BookmarksSnapshot Startup total=0 bar=0 other=0 mobile=0 showBar=0 showBarNTP=1
2026-08-11 14:08:27.162: [INFO] BookmarksSnapshot Shutdown total=0 bar=0 other=0 mobile=0 showBar=0 showBarNTP=1
2026-08-11 14:13:13.341: [INFO] CurrentProfilePath: C:\Users\seif9\source\repos\Ruby Exec 1\Ruby Exec 1\bin\x64\Debug\net10.0-windows\Ruby Exec 1.exe.WebView2\EBWebView\Default
2026-08-11 14:13:13.341: [INFO] Profiles total count: 1
2026-08-11 14:13:13.341: [INFO] Profile: name=Profil 1 path=C:\Users\seif9\source\repos\Ruby Exec 1\Ruby Exec 1\bin\x64\Debug\net10.0-windows\Ruby Exec 1.exe.WebView2\EBWebView\Default lastActive=2026-08-11T14:12:23.885Z
2026-08-11 14:13:13.341: [INFO] LastUsedProfileDir: C:\Users\seif9\source\repos\Ruby Exec 1\Ruby Exec 1\bin\x64\Debug\net10.0-windows\Ruby Exec 1.exe.WebView2\EBWebView\Default
2026-08-11 14:13:13.341: [INFO] MostRecentlyActiveProfile: name=Profil 1 path=C:\Users\seif9\source\repos\Ruby Exec 1\Ruby Exec 1\bin\x64\Debug\net10.0-windows\Ruby Exec 1.exe.WebView2\EBWebView\Default lastActive=2026-08-11T14:12:23.885Z
2026-08-11 14:13:13.341: [INFO] OnDoneLoading sync enabled: 0
2026-08-11 14:13:13.341: [INFO] BookmarkModelLoaded, ids_reassigned: 0
2026-08-11 14:13:13.341: [INFO] BookmarksLoadDropped droppedNodes=0
2026-08-11 14:13:13.341: [INFO] BookmarksSnapshot Startup total=0 bar=0 other=0 mobile=0 showBar=0 showBarNTP=1
2026-08-11 14:17:16.688: [INFO] BookmarksSnapshot Shutdown total=0 bar=0 other=0 mobile=0 showBar=0 showBarNTP=1
2026-08-11 14:17:19.280: [INFO] CurrentProfilePath: C:\Users\seif9\source\repos\Ruby Exec 1\Ruby Exec 1\bin\x64\Debug\net10.0-windows\Ruby Exec 1.exe.WebView2\EBWebView\Default
2026-08-11 14:17:19.280: [INFO] Profiles total count: 1
2026-08-11 14:17:19.281: [INFO] Profile: name=Profil 1 path=C:\Users\seif9\source\repos\Ruby Exec 1\Ruby Exec 1\bin\x64\Debug\net10.0-windows\Ruby Exec 1.exe.WebView2\EBWebView\Default lastActive=2026-08-11T14:13:15.307Z
2026-08-11 14:17:19.281: [INFO] LastUsedProfileDir: C:\Users\seif9\source\repos\Ruby Exec 1\Ruby Exec 1\bin\x64\Debug\net10.0-windows\Ruby Exec 1.exe.WebView2\EBWebView\Default
2026-08-11 14:17:19.281: [INFO] MostRecentlyActiveProfile: name=Profil 1 path=C:\Users\seif9\source\repos\Ruby Exec 1\Ruby Exec 1\bin\x64\Debug\net10.0-windows\Ruby Exec 1.exe.WebView2\EBWebView\Default lastActive=2026-08-11T14:13:15.307Z
2026-08-11 14:17:19.281: [INFO] OnDoneLoading sync enabled: 0
2026-08-11 14:17:19.281: [INFO] BookmarkModelLoaded, ids_reassigned: 0
2026-08-11 14:17:19.281: [INFO] BookmarksLoadDropped droppedNodes=0
2026-08-11 14:17:19.281: [INFO] BookmarksSnapshot Startup total=0 bar=0 other=0 mobile=0 showBar=0 showBarNTP=1
2026-08-11 14:17:36.344: [INFO] BookmarksSnapshot Shutdown total=0 bar=0 other=0 mobile=0 showBar=0 showBarNTP=1
2026-08-11 14:18:54.920: [INFO] CurrentProfilePath: C:\Users\seif9\source\repos\Ruby Exec 1\Ruby Exec 1\bin\x64\Debug\net10.0-windows\Ruby Exec 1.exe.WebView2\EBWebView\Default
2026-08-11 14:18:54.920: [INFO] Profiles total count: 1
2026-08-11 14:18:54.920: [INFO] Profile: name=Profil 1 path=C:\Users\seif9\source\repos\Ruby Exec 1\Ruby Exec 1\bin\x64\Debug\net10.0-windows\Ruby Exec 1.exe.WebView2\EBWebView\Default lastActive=2026-08-11T14:17:21.252Z
2026-08-11 14:18:54.920: [INFO] LastUsedProfileDir: C:\Users\seif9\source\repos\Ruby Exec 1\Ruby Exec 1\bin\x64\Debug\net10.0-windows\Ruby Exec 1.exe.WebView2\EBWebView\Default
2026-08-11 14:18:54.920: [INFO] MostRecentlyActiveProfile: name=Profil 1 path=C:\Users\seif9\source\repos\Ruby Exec 1\Ruby Exec 1\bin\x64\Debug\net10.0-windows\Ruby Exec 1.exe.WebView2\EBWebView\Default lastActive=2026-08-11T14:17:21.252Z
2026-08-11 14:18:54.920: [INFO] OnDoneLoading sync enabled: 0
2026-08-11 14:18:54.920: [INFO] BookmarkModelLoaded, ids_reassigned: 0
2026-08-11 14:18:54.920: [INFO] BookmarksLoadDropped droppedNodes=0
2026-08-11 14:18:54.921: [INFO] BookmarksSnapshot Startup total=0 bar=0 other=0 mobile=0 showBar=0 showBarNTP=1
2026-08-11 14:33:30.619: [INFO] BookmarksSnapshot Shutdown total=0 bar=0 other=0 mobile=0 showBar=0 showBarNTP=1
2026-08-11 14:33:35.864: [INFO] CurrentProfilePath: C:\Users\seif9\source\repos\Ruby Exec 1\Ruby Exec 1\bin\x64\Debug\net10.0-windows\Ruby Exec 1.exe.WebView2\EBWebView\Default
2026-08-11 14:33:35.864: [INFO] Profiles total count: 1
2026-08-11 14:33:35.864: [INFO] Profile: name=Profil 1 path=C:\Users\seif9\source\repos\Ruby Exec 1\Ruby Exec 1\bin\x64\Debug\net10.0-windows\Ruby Exec 1.exe.WebView2\EBWebView\Default lastActive=2026-08-11T14:17:21.252Z
2026-08-11 14:33:35.864: [INFO] LastUsedProfileDir: C:\Users\seif9\source\repos\Ruby Exec 1\Ruby Exec 1\bin\x64\Debug\net10.0-windows\Ruby Exec 1.exe.WebView2\EBWebView\Default
2026-08-11 14:33:35.864: [INFO] MostRecentlyActiveProfile: name=Profil 1 path=C:\Users\seif9\source\repos\Ruby Exec 1\Ruby Exec 1\bin\x64\Debug\net10.0-windows\Ruby Exec 1.exe.WebView2\EBWebView\Default lastActive=2026-08-11T14:17:21.252Z
2026-08-11 14:33:35.864: [INFO] OnDoneLoading sync enabled: 0
2026-08-11 14:33:35.864: [INFO] BookmarkModelLoaded, ids_reassigned: 0
2026-08-11 14:33:35.864: [INFO] BookmarksLoadDropped droppedNodes=0
2026-08-11 14:33:35.864: [INFO] BookmarksSnapshot Startup total=0 bar=0 other=0 mobile=0 showBar=0 showBarNTP=1
2026-08-11 14:38:17.379: [INFO] BookmarksSnapshot Shutdown total=0 bar=0 other=0 mobile=0 showBar=0 showBarNTP=1
2026-08-11 14:46:09.989: [INFO] CurrentProfilePath: C:\Users\seif9\source\repos\Ruby Exec 1\Ruby Exec 1\bin\x64\Debug\net10.0-windows\Ruby Exec 1.exe.WebView2\EBWebView\Default
2026-08-11 14:46:09.989: [INFO] Profiles total count: 1
2026-08-11 14:46:09.990: [INFO] Profile: name=Profil 1 path=C:\Users\seif9\source\repos\Ruby Exec 1\Ruby Exec 1\bin\x64\Debug\net10.0-windows\Ruby Exec 1.exe.WebView2\EBWebView\Default lastActive=2026-08-11T14:44:23.456Z
2026-08-11 14:46:09.990: [INFO] LastUsedProfileDir: C:\Users\seif9\source\repos\Ruby Exec 1\Ruby Exec 1\bin\x64\Debug\net10.0-windows\Ruby Exec 1.exe.WebView2\EBWebView\Default
2026-08-11 14:46:09.990: [INFO] MostRecentlyActiveProfile: name=Profil 1 path=C:\Users\seif9\source\repos\Ruby Exec 1\Ruby Exec 1\bin\x64\Debug\net10.0-windows\Ruby Exec 1.exe.WebView2\EBWebView\Default lastActive=2026-08-11T14:44:23.456Z
2026-08-11 14:46:09.990: [INFO] OnDoneLoading sync enabled: 0
2026-08-11 14:46:09.990: [INFO] BookmarkModelLoaded, ids_reassigned: 0
2026-08-11 14:46:09.990: [INFO] BookmarksLoadDropped droppedNodes=0
2026-08-11 14:46:09.990: [INFO] BookmarksSnapshot Startup total=0 bar=0 other=0 mobile=0 showBar=0 showBarNTP=1
2026-08-11 14:47:49.575: [INFO] BookmarksSnapshot Shutdown total=0 bar=0 other=0 mobile=0 showBar=0 showBarNTP=1
2026-08-11 14:47:52.222: [INFO] CurrentProfilePath: C:\Users\seif9\source\repos\Ruby Exec 1\Ruby Exec 1\bin\x64\Debug\net10.0-windows\Ruby Exec 1.exe.WebView2\EBWebView\Default
2026-08-11 14:47:52.222: [INFO] Profiles total count: 1
2026-08-11 14:47:52.223: [INFO] Profile: name=Profil 1 path=C:\Users\seif9\source\repos\Ruby Exec 1\Ruby Exec 1\bin\x64\Debug\net10.0-windows\Ruby Exec 1.exe.WebView2\EBWebView\Default lastActive=2026-08-11T14:44:23.456Z
2026-08-11 14:47:52.223: [INFO] LastUsedProfileDir: C:\Users\seif9\source\repos\Ruby Exec 1\Ruby Exec 1\bin\x64\Debug\net10.0-windows\Ruby Exec 1.exe.WebView2\EBWebView\Default
2026-08-11 14:47:52.223: [INFO] MostRecentlyActiveProfile: name=Profil 1 path=C:\Users\seif9\source\repos\Ruby Exec 1\Ruby Exec 1\bin\x64\Debug\net10.0-windows\Ruby Exec 1.exe.WebView2\EBWebView\Default lastActive=2026-08-11T14:44:23.456Z
2026-08-11 14:47:52.223: [INFO] OnDoneLoading sync enabled: 0
2026-08-11 14:47:52.223: [INFO] BookmarkModelLoaded, ids_reassigned: 0
2026-08-11 14:47:52.223: [INFO] BookmarksLoadDropped droppedNodes=0
2026-08-11 14:47:52.223: [INFO] BookmarksSnapshot Startup total=0 bar=0 other=0 mobile=0 showBar=0 showBarNTP=1
2026-08-11 14:49:27.365: [INFO] BookmarksSnapshot Shutdown total=0 bar=0 other=0 mobile=0 showBar=0 showBarNTP=1
2026-08-11 14:50:21.072: [INFO] CurrentProfilePath: C:\Users\seif9\source\repos\Ruby Exec 1\Ruby Exec 1\bin\x64\Debug\net10.0-windows\Ruby Exec 1.exe.WebView2\EBWebView\Default
2026-08-11 14:50:21.072: [INFO] Profiles total count: 1
2026-08-11 14:50:21.073: [INFO] Profile: name=Profil 1 path=C:\Users\seif9\source\repos\Ruby Exec 1\Ruby Exec 1\bin\x64\Debug\net10.0-windows\Ruby Exec 1.exe.WebView2\EBWebView\Default lastActive=2026-08-11T14:44:23.456Z
2026-08-11 14:50:21.073: [INFO] LastUsedProfileDir: C:\Users\seif9\source\repos\Ruby Exec 1\Ruby Exec 1\bin\x64\Debug\net10.0-windows\Ruby Exec 1.exe.WebView2\EBWebView\Default
2026-08-11 14:50:21.073: [INFO] MostRecentlyActiveProfile: name=Profil 1 path=C:\Users\seif9\source\repos\Ruby Exec 1\Ruby Exec 1\bin\x64\Debug\net10.0-windows\Ruby Exec 1.exe.WebView2\EBWebView\Default lastActive=2026-08-11T14:44:23.456Z
2026-08-11 14:50:21.073: [INFO] OnDoneLoading sync enabled: 0
2026-08-11 14:50:21.073: [INFO] BookmarkModelLoaded, ids_reassigned: 0
2026-08-11 14:50:21.073: [INFO] BookmarksLoadDropped droppedNodes=0
2026-08-11 14:50:21.073: [INFO] BookmarksSnapshot Startup total=0 bar=0 other=0 mobile=0 showBar=0 showBarNTP=1
2026-08-11 14:50:41.693: [INFO] BookmarksSnapshot Shutdown total=0 bar=0 other=0 mobile=0 showBar=0 showBarNTP=1
2026-08-11 14:52:11.960: [INFO] CurrentProfilePath: C:\Users\seif9\source\repos\Ruby Exec 1\Ruby Exec 1\bin\x64\Debug\net10.0-windows\Ruby Exec 1.exe.WebView2\EBWebView\Default
2026-08-11 14:52:11.960: [INFO] Profiles total count: 1
2026-08-11 14:52:11.961: [INFO] Profile: name=Profil 1 path=C:\Users\seif9\source\repos\Ruby Exec 1\Ruby Exec 1\bin\x64\Debug\net10.0-windows\Ruby Exec 1.exe.WebView2\EBWebView\Default lastActive=2026-08-11T14:44:23.456Z
2026-08-11 14:52:11.961: [INFO] LastUsedProfileDir: C:\Users\seif9\source\repos\Ruby Exec 1\Ruby Exec 1\bin\x64\Debug\net10.0-windows\Ruby Exec 1.exe.WebView2\EBWebView\Default
2026-08-11 14:52:11.961: [INFO] MostRecentlyActiveProfile: name=Profil 1 path=C:\Users\seif9\source\repos\Ruby Exec 1\Ruby Exec 1\bin\x64\Debug\net10.0-windows\Ruby Exec 1.exe.WebView2\EBWebView\Default lastActive=2026-08-11T14:44:23.456Z
2026-08-11 14:52:11.961: [INFO] OnDoneLoading sync enabled: 0
2026-08-11 14:52:11.961: [INFO] BookmarkModelLoaded, ids_reassigned: 0
2026-08-11 14:52:11.961: [INFO] BookmarksLoadDropped droppedNodes=0
2026-08-11 14:52:11.961: [INFO] BookmarksSnapshot Startup total=0 bar=0 other=0 mobile=0 showBar=0 showBarNTP=1
2026-08-11 14:59:57.408: [INFO] BookmarksSnapshot Shutdown total=0 bar=0 other=0 mobile=0 showBar=0 showBarNTP=1
2026-08-11 15:00:00.184: [INFO] CurrentProfilePath: C:\Users\seif9\source\repos\Ruby Exec 1\Ruby Exec 1\bin\x64\Debug\net10.0-windows\Ruby Exec 1.exe.WebView2\EBWebView\Default
2026-08-11 15:00:00.184: [INFO] Profiles total count: 1
2026-08-11 15:00:00.184: [INFO] Profile: name=Profil 1 path=C:\Users\seif9\source\repos\Ruby Exec 1\Ruby Exec 1\bin\x64\Debug\net10.0-windows\Ruby Exec 1.exe.WebView2\EBWebView\Default lastActive=2026-08-11T14:44:23.456Z
2026-08-11 15:00:00.184: [INFO] LastUsedProfileDir: C:\Users\seif9\source\repos\Ruby Exec 1\Ruby Exec 1\bin\x64\Debug\net10.0-windows\Ruby Exec 1.exe.WebView2\EBWebView\Default
2026-08-11 15:00:00.184: [INFO] MostRecentlyActiveProfile: name=Profil 1 path=C:\Users\seif9\source\repos\Ruby Exec 1\Ruby Exec 1\bin\x64\Debug\net10.0-windows\Ruby Exec 1.exe.WebView2\EBWebView\Default lastActive=2026-08-11T14:44:23.456Z
2026-08-11 15:00:00.184: [INFO] OnDoneLoading sync enabled: 0
2026-08-11 15:00:00.184: [INFO] BookmarkModelLoaded, ids_reassigned: 0
2026-08-11 15:00:00.184: [INFO] BookmarksLoadDropped droppedNodes=0
2026-08-11 15:00:00.184: [INFO] BookmarksSnapshot Startup total=0 bar=0 other=0 mobile=0 showBar=0 showBarNTP=1
2026-08-11 15:02:10.337: [INFO] BookmarksSnapshot Shutdown total=0 bar=0 other=0 mobile=0 showBar=0 showBarNTP=1
2026-08-11 15:02:13.267: [INFO] CurrentProfilePath: C:\Users\seif9\source\repos\Ruby Exec 1\Ruby Exec 1\bin\x64\Debug\net10.0-windows\Ruby Exec 1.exe.WebView2\EBWebView\Default
2026-08-11 15:02:13.267: [INFO] Profiles total count: 1
2026-08-11 15:02:13.267: [INFO] Profile: name=Profil 1 path=C:\Users\seif9\source\repos\Ruby Exec 1\Ruby Exec 1\bin\x64\Debug\net10.0-windows\Ruby Exec 1.exe.WebView2\EBWebView\Default lastActive=2026-08-11T14:44:23.456Z
2026-08-11 15:02:13.267: [INFO] LastUsedProfileDir: C:\Users\seif9\source\repos\Ruby Exec 1\Ruby Exec 1\bin\x64\Debug\net10.0-windows\Ruby Exec 1.exe.WebView2\EBWebView\Default
2026-08-11 15:02:13.267: [INFO] MostRecentlyActiveProfile: name=Profil 1 path=C:\Users\seif9\source\repos\Ruby Exec 1\Ruby Exec 1\bin\x64\Debug\net10.0-windows\Ruby Exec 1.exe.WebView2\EBWebView\Default lastActive=2026-08-11T14:44:23.456Z
2026-08-11 15:02:13.267: [INFO] OnDoneLoading sync enabled: 0
2026-08-11 15:02:13.267: [INFO] BookmarkModelLoaded, ids_reassigned: 0
2026-08-11 15:02:13.267: [INFO] BookmarksLoadDropped droppedNodes=0
2026-08-11 15:02:13.267: [INFO] BookmarksSnapshot Startup total=0 bar=0 other=0 mobile=0 showBar=0 showBarNTP=1
2026-08-11 15:15:12.786: [INFO] BookmarksSnapshot Shutdown total=0 bar=0 other=0 mobile=0 showBar=0 showBarNTP=1
2026-08-11 15:15:17.343: [INFO] CurrentProfilePath: C:\Users\seif9\source\repos\Ruby Exec 1\Ruby Exec 1\bin\x64\Debug\net10.0-windows\Ruby Exec 1.exe.WebView2\EBWebView\Default
2026-08-11 15:15:17.343: [INFO] Profiles total count: 1
2026-08-11 15:15:17.344: [INFO] Profile: name=Profil 1 path=C:\Users\seif9\source\repos\Ruby Exec 1\Ruby Exec 1\bin\x64\Debug\net10.0-windows\Ruby Exec 1.exe.WebView2\EBWebView\Default lastActive=2026-08-11T14:44:23.456Z
2026-08-11 15:15:17.344: [INFO] LastUsedProfileDir: C:\Users\seif9\source\repos\Ruby Exec 1\Ruby Exec 1\bin\x64\Debug\net10.0-windows\Ruby Exec 1.exe.WebView2\EBWebView\Default
2026-08-11 15:15:17.344: [INFO] MostRecentlyActiveProfile: name=Profil 1 path=C:\Users\seif9\source\repos\Ruby Exec 1\Ruby Exec 1\bin\x64\Debug\net10.0-windows\Ruby Exec 1.exe.WebView2\EBWebView\Default lastActive=2026-08-11T14:44:23.456Z
2026-08-11 15:15:17.344: [INFO] OnDoneLoading sync enabled: 0
2026-08-11 15:15:17.344: [INFO] BookmarkModelLoaded, ids_reassigned: 0
2026-08-11 15:15:17.344: [INFO] BookmarksLoadDropped droppedNodes=0
2026-08-11 15:15:17.344: [INFO] BookmarksSnapshot Startup total=0 bar=0 other=0 mobile=0 showBar=0 showBarNTP=1
2026-08-11 15:17:54.287: [INFO] BookmarksSnapshot Shutdown total=0 bar=0 other=0 mobile=0 showBar=0 showBarNTP=1
2026-08-11 15:17:58.652: [INFO] CurrentProfilePath: C:\Users\seif9\source\repos\Ruby Exec 1\Ruby Exec 1\bin\x64\Debug\net10.0-windows\Ruby Exec 1.exe.WebView2\EBWebView\Default
2026-08-11 15:17:58.652: [INFO] Profiles total count: 1
2026-08-11 15:17:58.653: [INFO] Profile: name=Profil 1 path=C:\Users\seif9\source\repos\Ruby Exec 1\Ruby Exec 1\bin\x64\Debug\net10.0-windows\Ruby Exec 1.exe.WebView2\EBWebView\Default lastActive=2026-08-11T14:44:23.456Z
2026-08-11 15:17:58.653: [INFO] LastUsedProfileDir: C:\Users\seif9\source\repos\Ruby Exec 1\Ruby Exec 1\bin\x64\Debug\net10.0-windows\Ruby Exec 1.exe.WebView2\EBWebView\Default
2026-08-11 15:17:58.653: [INFO] MostRecentlyActiveProfile: name=Profil 1 path=C:\Users\seif9\source\repos\Ruby Exec 1\Ruby Exec 1\bin\x64\Debug\net10.0-windows\Ruby Exec 1.exe.WebView2\EBWebView\Default lastActive=2026-08-11T14:44:23.456Z
2026-08-11 15:17:58.653: [INFO] OnDoneLoading sync enabled: 0
2026-08-11 15:17:58.653: [INFO] BookmarkModelLoaded, ids_reassigned: 0
2026-08-11 15:17:58.653: [INFO] BookmarksLoadDropped droppedNodes=0
2026-08-11 15:17:58.653: [INFO] BookmarksSnapshot Startup total=0 bar=0 other=0 mobile=0 showBar=0 showBarNTP=1
2026-08-11 15:21:18.449: [INFO] BookmarksSnapshot Shutdown total=0 bar=0 other=0 mobile=0 showBar=0 showBarNTP=1
2026-08-11 15:21:21.773: [INFO] CurrentProfilePath: C:\Users\seif9\source\repos\Ruby Exec 1\Ruby Exec 1\bin\x64\Debug\net10.0-windows\Ruby Exec 1.exe.WebView2\EBWebView\Default
2026-08-11 15:21:21.773: [INFO] Profiles total count: 1
2026-08-11 15:21:21.774: [INFO] Profile: name=Profil 1 path=C:\Users\seif9\source\repos\Ruby Exec 1\Ruby Exec 1\bin\x64\Debug\net10.0-windows\Ruby Exec 1.exe.WebView2\EBWebView\Default lastActive=2026-08-11T15:18:01.468Z
2026-08-11 15:21:21.774: [INFO] LastUsedProfileDir: C:\Users\seif9\source\repos\Ruby Exec 1\Ruby Exec 1\bin\x64\Debug\net10.0-windows\Ruby Exec 1.exe.WebView2\EBWebView\Default
2026-08-11 15:21:21.774: [INFO] MostRecentlyActiveProfile: name=Profil 1 path=C:\Users\seif9\source\repos\Ruby Exec 1\Ruby Exec 1\bin\x64\Debug\net10.0-windows\Ruby Exec 1.exe.WebView2\EBWebView\Default lastActive=2026-08-11T15:18:01.468Z
2026-08-11 15:21:21.774: [INFO] OnDoneLoading sync enabled: 0
2026-08-11 15:21:21.774: [INFO] BookmarkModelLoaded, ids_reassigned: 0
2026-08-11 15:21:21.774: [INFO] BookmarksLoadDropped droppedNodes=0
2026-08-11 15:21:21.774: [INFO] BookmarksSnapshot Startup total=0 bar=0 other=0 mobile=0 showBar=0 showBarNTP=1
2026-08-11 15:23:02.758: [INFO] BookmarksSnapshot Shutdown total=0 bar=0 other=0 mobile=0 showBar=0 showBarNTP=1
2026-08-11 15:25:44.711: [INFO] CurrentProfilePath: C:\Users\seif9\source\repos\Ruby Exec 1\Ruby Exec 1\bin\x64\Debug\net10.0-windows\Ruby Exec 1.exe.WebView2\EBWebView\Default
2026-08-11 15:25:44.711: [INFO] Profiles total count: 1
2026-08-11 15:25:44.711: [INFO] Profile: name=Profil 1 path=C:\Users\seif9\source\repos\Ruby Exec 1\Ruby Exec 1\bin\x64\Debug\net10.0-windows\Ruby Exec 1.exe.WebView2\EBWebView\Default lastActive=2026-08-11T15:21:26.097Z
2026-08-11 15:25:44.711: [INFO] LastUsedProfileDir: C:\Users\seif9\source\repos\Ruby Exec 1\Ruby Exec 1\bin\x64\Debug\net10.0-windows\Ruby Exec 1.exe.WebView2\EBWebView\Default
2026-08-11 15:25:44.711: [INFO] MostRecentlyActiveProfile: name=Profil 1 path=C:\Users\seif9\source\repos\Ruby Exec 1\Ruby Exec 1\bin\x64\Debug\net10.0-windows\Ruby Exec 1.exe.WebView2\EBWebView\Default lastActive=2026-08-11T15:21:26.097Z
2026-08-11 15:25:44.711: [INFO] OnDoneLoading sync enabled: 0
2026-08-11 15:25:44.711: [INFO] BookmarkModelLoaded, ids_reassigned: 0
2026-08-11 15:25:44.711: [INFO] BookmarksLoadDropped droppedNodes=0
2026-08-11 15:25:44.711: [INFO] BookmarksSnapshot Startup total=0 bar=0 other=0 mobile=0 showBar=0 showBarNTP=1
2026-08-11 15:28:09.679: [INFO] BookmarksSnapshot Shutdown total=0 bar=0 other=0 mobile=0 showBar=0 showBarNTP=1
2026-08-11 15:35:30.476: [INFO] CurrentProfilePath: C:\Users\seif9\source\repos\Ruby Exec 1\Ruby Exec 1\bin\x64\Debug\net10.0-windows\Ruby Exec 1.exe.WebView2\EBWebView\Default
2026-08-11 15:35:30.476: [INFO] Profiles total count: 1
2026-08-11 15:35:30.477: [INFO] Profile: name=Profil 1 path=C:\Users\seif9\source\repos\Ruby Exec 1\Ruby Exec 1\bin\x64\Debug\net10.0-windows\Ruby Exec 1.exe.WebView2\EBWebView\Default lastActive=2026-08-11T15:21:26.097Z
2026-08-11 15:35:30.477: [INFO] LastUsedProfileDir: C:\Users\seif9\source\repos\Ruby Exec 1\Ruby Exec 1\bin\x64\Debug\net10.0-windows\Ruby Exec 1.exe.WebView2\EBWebView\Default
2026-08-11 15:35:30.477: [INFO] MostRecentlyActiveProfile: name=Profil 1 path=C:\Users\seif9\source\repos\Ruby Exec 1\Ruby Exec 1\bin\x64\Debug\net10.0-windows\Ruby Exec 1.exe.WebView2\EBWebView\Default lastActive=2026-08-11T15:21:26.097Z
2026-08-11 15:35:30.477: [INFO] OnDoneLoading sync enabled: 0
2026-08-11 15:35:30.477: [INFO] BookmarkModelLoaded, ids_reassigned: 0
2026-08-11 15:35:30.477: [INFO] BookmarksLoadDropped droppedNodes=0
2026-08-11 15:35:30.477: [INFO] BookmarksSnapshot Startup total=0 bar=0 other=0 mobile=0 showBar=0 showBarNTP=1
2026-08-11 16:04:49.604: [INFO] BookmarksSnapshot Shutdown total=0 bar=0 other=0 mobile=0 showBar=0 showBarNTP=1
2026-08-11 16:15:02.340: [INFO] CurrentProfilePath: C:\Users\seif9\source\repos\Ruby Exec 1\Ruby Exec 1\bin\x64\Debug\net10.0-windows\Ruby Exec 1.exe.WebView2\EBWebView\Default
2026-08-11 16:15:02.340: [INFO] Profiles total count: 1
2026-08-11 16:15:02.342: [INFO] Profile: name=Profil 1 path=C:\Users\seif9\source\repos\Ruby Exec 1\Ruby Exec 1\bin\x64\Debug\net10.0-windows\Ruby Exec 1.exe.WebView2\EBWebView\Default lastActive=2026-08-11T15:21:26.097Z
2026-08-11 16:15:02.342: [INFO] LastUsedProfileDir: C:\Users\seif9\source\repos\Ruby Exec 1\Ruby Exec 1\bin\x64\Debug\net10.0-windows\Ruby Exec 1.exe.WebView2\EBWebView\Default
2026-08-11 16:15:02.342: [INFO] MostRecentlyActiveProfile: name=Profil 1 path=C:\Users\seif9\source\repos\Ruby Exec 1\Ruby Exec 1\bin\x64\Debug\net10.0-windows\Ruby Exec 1.exe.WebView2\EBWebView\Default lastActive=2026-08-11T15:21:26.097Z
2026-08-11 16:15:02.342: [INFO] OnDoneLoading sync enabled: 0
2026-08-11 16:15:02.342: [INFO] BookmarkModelLoaded, ids_reassigned: 0
2026-08-11 16:15:02.342: [INFO] BookmarksLoadDropped droppedNodes=0
2026-08-11 16:15:02.342: [INFO] BookmarksSnapshot Startup total=0 bar=0 other=0 mobile=0 showBar=0 showBarNTP=1
2026-08-11 16:15:19.535: [INFO] BookmarksSnapshot Shutdown total=0 bar=0 other=0 mobile=0 showBar=0 showBarNTP=1
2026-08-11 16:28:30.322: [INFO] CurrentProfilePath: C:\Users\seif9\source\repos\Ruby Exec 1\Ruby Exec 1\bin\x64\Debug\net10.0-windows\Ruby Exec 1.exe.WebView2\EBWebView\Default
2026-08-11 16:28:30.322: [INFO] Profiles total count: 1
2026-08-11 16:28:30.322: [INFO] Profile: name=Profil 1 path=C:\Users\seif9\source\repos\Ruby Exec 1\Ruby Exec 1\bin\x64\Debug\net10.0-windows\Ruby Exec 1.exe.WebView2\EBWebView\Default lastActive=2026-08-11T15:21:26.097Z
2026-08-11 16:28:30.322: [INFO] LastUsedProfileDir: C:\Users\seif9\source\repos\Ruby Exec 1\Ruby Exec 1\bin\x64\Debug\net10.0-windows\Ruby Exec 1.exe.WebView2\EBWebView\Default
2026-08-11 16:28:30.323: [INFO] MostRecentlyActiveProfile: name=Profil 1 path=C:\Users\seif9\source\repos\Ruby Exec 1\Ruby Exec 1\bin\x64\Debug\net10.0-windows\Ruby Exec 1.exe.WebView2\EBWebView\Default lastActive=2026-08-11T15:21:26.097Z
2026-08-11 16:28:30.323: [INFO] OnDoneLoading sync enabled: 0
2026-08-11 16:28:30.323: [INFO] BookmarkModelLoaded, ids_reassigned: 0
2026-08-11 16:28:30.323: [INFO] BookmarksLoadDropped droppedNodes=0
2026-08-11 16:28:30.323: [INFO] BookmarksSnapshot Startup total=0 bar=0 other=0 mobile=0 showBar=0 showBarNTP=1
2026-08-11 16:32:50.425: [INFO] BookmarksSnapshot Shutdown total=0 bar=0 other=0 mobile=0 showBar=0 showBarNTP=1
2026-08-11 16:33:00.556: [INFO] CurrentProfilePath: C:\Users\seif9\source\repos\Ruby Exec 1\Ruby Exec 1\bin\x64\Debug\net10.0-windows\Ruby Exec 1.exe.WebView2\EBWebView\Default
2026-08-11 16:33:00.556: [INFO] Profiles total count: 1
2026-08-11 16:33:00.556: [INFO] Profile: name=Profil 1 path=C:\Users\seif9\source\repos\Ruby Exec 1\Ruby Exec 1\bin\x64\Debug\net10.0-windows\Ruby Exec 1.exe.WebView2\EBWebView\Default lastActive=2026-08-11T16:28:35.006Z
2026-08-11 16:33:00.556: [INFO] LastUsedProfileDir: C:\Users\seif9\source\repos\Ruby Exec 1\Ruby Exec 1\bin\x64\Debug\net10.0-windows\Ruby Exec 1.exe.WebView2\EBWebView\Default
2026-08-11 16:33:00.556: [INFO] MostRecentlyActiveProfile: name=Profil 1 path=C:\Users\seif9\source\repos\Ruby Exec 1\Ruby Exec 1\bin\x64\Debug\net10.0-windows\Ruby Exec 1.exe.WebView2\EBWebView\Default lastActive=2026-08-11T16:28:35.006Z
2026-08-11 16:33:00.556: [INFO] OnDoneLoading sync enabled: 0
2026-08-11 16:33:00.556: [INFO] BookmarkModelLoaded, ids_reassigned: 0
2026-08-11 16:33:00.556: [INFO] BookmarksLoadDropped droppedNodes=0
2026-08-11 16:33:00.556: [INFO] BookmarksSnapshot Startup total=0 bar=0 other=0 mobile=0 showBar=0 showBarNTP=1
2026-08-11 16:35:15.698: [INFO] BookmarksSnapshot Shutdown total=0 bar=0 other=0 mobile=0 showBar=0 showBarNTP=1
2026-08-11 16:44:23.428: [INFO] CurrentProfilePath: C:\Users\seif9\source\repos\Ruby Exec 1\Ruby Exec 1\bin\x64\Debug\net10.0-windows\Ruby Exec 1.exe.WebView2\EBWebView\Default
2026-08-11 16:44:23.428: [INFO] Profiles total count: 1
2026-08-11 16:44:23.429: [INFO] Profile: name=Profil 1 path=C:\Users\seif9\source\repos\Ruby Exec 1\Ruby Exec 1\bin\x64\Debug\net10.0-windows\Ruby Exec 1.exe.WebView2\EBWebView\Default lastActive=2026-08-11T16:28:35.006Z
2026-08-11 16:44:23.429: [INFO] LastUsedProfileDir: C:\Users\seif9\source\repos\Ruby Exec 1\Ruby Exec 1\bin\x64\Debug\net10.0-windows\Ruby Exec 1.exe.WebView2\EBWebView\Default
2026-08-11 16:44:23.429: [INFO] MostRecentlyActiveProfile: name=Profil 1 path=C:\Users\seif9\source\repos\Ruby Exec 1\Ruby Exec 1\bin\x64\Debug\net10.0-windows\Ruby Exec 1.exe.WebView2\EBWebView\Default lastActive=2026-08-11T16:28:35.006Z
2026-08-11 16:44:23.429: [INFO] OnDoneLoading sync enabled: 0
2026-08-11 16:44:23.429: [INFO] BookmarkModelLoaded, ids_reassigned: 0
2026-08-11 16:44:23.429: [INFO] BookmarksLoadDropped droppedNodes=0
2026-08-11 16:44:23.429: [INFO] BookmarksSnapshot Startup total=0 bar=0 other=0 mobile=0 showBar=0 showBarNTP=1
2026-08-11 16:46:57.513: [INFO] BookmarksSnapshot Shutdown total=0 bar=0 other=0 mobile=0 showBar=0 showBarNTP=1
2026-08-11 16:47:00.234: [INFO] CurrentProfilePath: C:\Users\seif9\source\repos\Ruby Exec 1\Ruby Exec 1\bin\x64\Debug\net10.0-windows\Ruby Exec 1.exe.WebView2\EBWebView\Default
2026-08-11 16:47:00.234: [INFO] Profiles total count: 1
2026-08-11 16:47:00.234: [INFO] Profile: name=Profil 1 path=C:\Users\seif9\source\repos\Ruby Exec 1\Ruby Exec 1\bin\x64\Debug\net10.0-windows\Ruby Exec 1.exe.WebView2\EBWebView\Default lastActive=2026-08-11T16:28:35.006Z
2026-08-11 16:47:00.234: [INFO] LastUsedProfileDir: C:\Users\seif9\source\repos\Ruby Exec 1\Ruby Exec 1\bin\x64\Debug\net10.0-windows\Ruby Exec 1.exe.WebView2\EBWebView\Default
2026-08-11 16:47:00.234: [INFO] MostRecentlyActiveProfile: name=Profil 1 path=C:\Users\seif9\source\repos\Ruby Exec 1\Ruby Exec 1\bin\x64\Debug\net10.0-windows\Ruby Exec 1.exe.WebView2\EBWebView\Default lastActive=2026-08-11T16:28:35.006Z
2026-08-11 16:47:00.234: [INFO] OnDoneLoading sync enabled: 0
2026-08-11 16:47:00.234: [INFO] BookmarkModelLoaded, ids_reassigned: 0
2026-08-11 16:47:00.234: [INFO] BookmarksLoadDropped droppedNodes=0
2026-08-11 16:47:00.234: [INFO] BookmarksSnapshot Startup total=0 bar=0 other=0 mobile=0 showBar=0 showBarNTP=1
2026-08-11 16:47:08.853: [INFO] BookmarksSnapshot Shutdown total=0 bar=0 other=0 mobile=0 showBar=0 showBarNTP=1
2026-08-11 16:49:58.215: [INFO] CurrentProfilePath: C:\Users\seif9\source\repos\Ruby Exec 1\Ruby Exec 1\bin\x64\Debug\net10.0-windows\Ruby Exec 1.exe.WebView2\EBWebView\Default
2026-08-11 16:49:58.215: [INFO] Profiles total count: 1
2026-08-11 16:49:58.216: [INFO] Profile: name=Profil 1 path=C:\Users\seif9\source\repos\Ruby Exec 1\Ruby Exec 1\bin\x64\Debug\net10.0-windows\Ruby Exec 1.exe.WebView2\EBWebView\Default lastActive=2026-08-11T16:47:02.690Z
2026-08-11 16:49:58.216: [INFO] LastUsedProfileDir: C:\Users\seif9\source\repos\Ruby Exec 1\Ruby Exec 1\bin\x64\Debug\net10.0-windows\Ruby Exec 1.exe.WebView2\EBWebView\Default
2026-08-11 16:49:58.216: [INFO] MostRecentlyActiveProfile: name=Profil 1 path=C:\Users\seif9\source\repos\Ruby Exec 1\Ruby Exec 1\bin\x64\Debug\net10.0-windows\Ruby Exec 1.exe.WebView2\EBWebView\Default lastActive=2026-08-11T16:47:02.690Z
2026-08-11 16:49:58.216: [INFO] OnDoneLoading sync enabled: 0
2026-08-11 16:49:58.216: [INFO] BookmarkModelLoaded, ids_reassigned: 0
2026-08-11 16:49:58.216: [INFO] BookmarksLoadDropped droppedNodes=0
2026-08-11 16:49:58.216: [INFO] BookmarksSnapshot Startup total=0 bar=0 other=0 mobile=0 showBar=0 showBarNTP=1
2026-08-11 16:50:02.482: [INFO] BookmarksSnapshot Shutdown total=0 bar=0 other=0 mobile=0 showBar=0 showBarNTP=1
2026-08-11 16:50:35.899: [INFO] CurrentProfilePath: C:\Users\seif9\source\repos\Ruby Exec 1\Ruby Exec 1\bin\x64\Debug\net10.0-windows\Ruby Exec 1.exe.WebView2\EBWebView\Default
2026-08-11 16:50:35.899: [INFO] Profiles total count: 1
2026-08-11 16:50:35.900: [INFO] Profile: name=Profil 1 path=C:\Users\seif9\source\repos\Ruby Exec 1\Ruby Exec 1\bin\x64\Debug\net10.0-windows\Ruby Exec 1.exe.WebView2\EBWebView\Default lastActive=2026-08-11T16:47:02.690Z
2026-08-11 16:50:35.900: [INFO] LastUsedProfileDir: C:\Users\seif9\source\repos\Ruby Exec 1\Ruby Exec 1\bin\x64\Debug\net10.0-windows\Ruby Exec 1.exe.WebView2\EBWebView\Default
2026-08-11 16:50:35.900: [INFO] MostRecentlyActiveProfile: name=Profil 1 path=C:\Users\seif9\source\repos\Ruby Exec 1\Ruby Exec 1\bin\x64\Debug\net10.0-windows\Ruby Exec 1.exe.WebView2\EBWebView\Default lastActive=2026-08-11T16:47:02.690Z
2026-08-11 16:50:35.900: [INFO] OnDoneLoading sync enabled: 0
2026-08-11 16:50:35.900: [INFO] BookmarkModelLoaded, ids_reassigned: 0
2026-08-11 16:50:35.900: [INFO] BookmarksLoadDropped droppedNodes=0
2026-08-11 16:50:35.900: [INFO] BookmarksSnapshot Startup total=0 bar=0 other=0 mobile=0 showBar=0 showBarNTP=1
2026-08-11 16:50:39.233: [INFO] BookmarksSnapshot Shutdown total=0 bar=0 other=0 mobile=0 showBar=0 showBarNTP=1
2026-08-11 16:51:05.087: [INFO] CurrentProfilePath: C:\Users\seif9\source\repos\Ruby Exec 1\Ruby Exec 1\bin\x64\Debug\net10.0-windows\Ruby Exec 1.exe.WebView2\EBWebView\Default
2026-08-11 16:51:05.087: [INFO] Profiles total count: 1
2026-08-11 16:51:05.088: [INFO] Profile: name=Profil 1 path=C:\Users\seif9\source\repos\Ruby Exec 1\Ruby Exec 1\bin\x64\Debug\net10.0-windows\Ruby Exec 1.exe.WebView2\EBWebView\Default lastActive=2026-08-11T16:47:02.690Z
2026-08-11 16:51:05.088: [INFO] LastUsedProfileDir: C:\Users\seif9\source\repos\Ruby Exec 1\Ruby Exec 1\bin\x64\Debug\net10.0-windows\Ruby Exec 1.exe.WebView2\EBWebView\Default
2026-08-11 16:51:05.088: [INFO] MostRecentlyActiveProfile: name=Profil 1 path=C:\Users\seif9\source\repos\Ruby Exec 1\Ruby Exec 1\bin\x64\Debug\net10.0-windows\Ruby Exec 1.exe.WebView2\EBWebView\Default lastActive=2026-08-11T16:47:02.690Z
2026-08-11 16:51:05.088: [INFO] OnDoneLoading sync enabled: 0
2026-08-11 16:51:05.088: [INFO] BookmarkModelLoaded, ids_reassigned: 0
2026-08-11 16:51:05.088: [INFO] BookmarksLoadDropped droppedNodes=0
2026-08-11 16:51:05.088: [INFO] BookmarksSnapshot Startup total=0 bar=0 other=0 mobile=0 showBar=0 showBarNTP=1
2026-08-11 16:51:19.356: [INFO] BookmarksSnapshot Shutdown total=0 bar=0 other=0 mobile=0 showBar=0 showBarNTP=1
2026-08-11 16:51:46.646: [INFO] CurrentProfilePath: C:\Users\seif9\source\repos\Ruby Exec 1\Ruby Exec 1\bin\x64\Debug\net10.0-windows\Ruby Exec 1.exe.WebView2\EBWebView\Default
2026-08-11 16:51:46.646: [INFO] Profiles total count: 1
2026-08-11 16:51:46.646: [INFO] Profile: name=Profil 1 path=C:\Users\seif9\source\repos\Ruby Exec 1\Ruby Exec 1\bin\x64\Debug\net10.0-windows\Ruby Exec 1.exe.WebView2\EBWebView\Default lastActive=2026-08-11T16:51:16.993Z
2026-08-11 16:51:46.646: [INFO] LastUsedProfileDir: C:\Users\seif9\source\repos\Ruby Exec 1\Ruby Exec 1\bin\x64\Debug\net10.0-windows\Ruby Exec 1.exe.WebView2\EBWebView\Default
2026-08-11 16:51:46.647: [INFO] MostRecentlyActiveProfile: name=Profil 1 path=C:\Users\seif9\source\repos\Ruby Exec 1\Ruby Exec 1\bin\x64\Debug\net10.0-windows\Ruby Exec 1.exe.WebView2\EBWebView\Default lastActive=2026-08-11T16:51:16.993Z
2026-08-11 16:51:46.647: [INFO] OnDoneLoading sync enabled: 0
2026-08-11 16:51:46.647: [INFO] BookmarkModelLoaded, ids_reassigned: 0
2026-08-11 16:51:46.647: [INFO] BookmarksLoadDropped droppedNodes=0
2026-08-11 16:51:46.647: [INFO] BookmarksSnapshot Startup total=0 bar=0 other=0 mobile=0 showBar=0 showBarNTP=1
2026-08-11 16:51:49.723: [INFO] BookmarksSnapshot Shutdown total=0 bar=0 other=0 mobile=0 showBar=0 showBarNTP=1
2026-08-11 16:52:56.304: [INFO] CurrentProfilePath: C:\Users\seif9\source\repos\Ruby Exec 1\Ruby Exec 1\bin\x64\Debug\net10.0-windows\Ruby Exec 1.exe.WebView2\EBWebView\Default
2026-08-11 16:52:56.304: [INFO] Profiles total count: 1
2026-08-11 16:52:56.304: [INFO] Profile: name=Profil 1 path=C:\Users\seif9\source\repos\Ruby Exec 1\Ruby Exec 1\bin\x64\Debug\net10.0-windows\Ruby Exec 1.exe.WebView2\EBWebView\Default lastActive=2026-08-11T16:51:16.993Z
2026-08-11 16:52:56.304: [INFO] LastUsedProfileDir: C:\Users\seif9\source\repos\Ruby Exec 1\Ruby Exec 1\bin\x64\Debug\net10.0-windows\Ruby Exec 1.exe.WebView2\EBWebView\Default
2026-08-11 16:52:56.304: [INFO] MostRecentlyActiveProfile: name=Profil 1 path=C:\Users\seif9\source\repos\Ruby Exec 1\Ruby Exec 1\bin\x64\Debug\net10.0-windows\Ruby Exec 1.exe.WebView2\EBWebView\Default lastActive=2026-08-11T16:51:16.993Z
2026-08-11 16:52:56.304: [INFO] OnDoneLoading sync enabled: 0
2026-08-11 16:52:56.304: [INFO] BookmarkModelLoaded, ids_reassigned: 0
2026-08-11 16:52:56.304: [INFO] BookmarksLoadDropped droppedNodes=0
2026-08-11 16:52:56.304: [INFO] BookmarksSnapshot Startup total=0 bar=0 other=0 mobile=0 showBar=0 showBarNTP=1
2026-08-11 16:53:02.584: [INFO] BookmarksSnapshot Shutdown total=0 bar=0 other=0 mobile=0 showBar=0 showBarNTP=1
2026-08-11 16:54:44.464: [INFO] CurrentProfilePath: C:\Users\seif9\source\repos\Ruby Exec 1\Ruby Exec 1\bin\x64\Debug\net10.0-windows\Ruby Exec 1.exe.WebView2\EBWebView\Default
2026-08-11 16:54:44.464: [INFO] Profiles total count: 1
2026-08-11 16:54:44.464: [INFO] Profile: name=Profil 1 path=C:\Users\seif9\source\repos\Ruby Exec 1\Ruby Exec 1\bin\x64\Debug\net10.0-windows\Ruby Exec 1.exe.WebView2\EBWebView\Default lastActive=2026-08-11T16:51:16.993Z
2026-08-11 16:54:44.464: [INFO] LastUsedProfileDir: C:\Users\seif9\source\repos\Ruby Exec 1\Ruby Exec 1\bin\x64\Debug\net10.0-windows\Ruby Exec 1.exe.WebView2\EBWebView\Default
2026-08-11 16:54:44.464: [INFO] MostRecentlyActiveProfile: name=Profil 1 path=C:\Users\seif9\source\repos\Ruby Exec 1\Ruby Exec 1\bin\x64\Debug\net10.0-windows\Ruby Exec 1.exe.WebView2\EBWebView\Default lastActive=2026-08-11T16:51:16.993Z
2026-08-11 16:54:44.464: [INFO] OnDoneLoading sync enabled: 0
2026-08-11 16:54:44.464: [INFO] BookmarkModelLoaded, ids_reassigned: 0
2026-08-11 16:54:44.464: [INFO] BookmarksLoadDropped droppedNodes=0
2026-08-11 16:54:44.464: [INFO] BookmarksSnapshot Startup total=0 bar=0 other=0 mobile=0 showBar=0 showBarNTP=1
2026-08-11 16:56:35.101: [INFO] BookmarksSnapshot Shutdown total=0 bar=0 other=0 mobile=0 showBar=0 showBarNTP=1
2026-08-11 16:56:39.107: [INFO] CurrentProfilePath: C:\Users\seif9\source\repos\Ruby Exec 1\Ruby Exec 1\bin\x64\Debug\net10.0-windows\Ruby Exec 1.exe.WebView2\EBWebView\Default
2026-08-11 16:56:39.107: [INFO] Profiles total count: 1
2026-08-11 16:56:39.108: [INFO] Profile: name=Profil 1 path=C:\Users\seif9\source\repos\Ruby Exec 1\Ruby Exec 1\bin\x64\Debug\net10.0-windows\Ruby Exec 1.exe.WebView2\EBWebView\Default lastActive=2026-08-11T16:51:16.993Z
2026-08-11 16:56:39.108: [INFO] LastUsedProfileDir: C:\Users\seif9\source\repos\Ruby Exec 1\Ruby Exec 1\bin\x64\Debug\net10.0-windows\Ruby Exec 1.exe.WebView2\EBWebView\Default
2026-08-11 16:56:39.108: [INFO] MostRecentlyActiveProfile: name=Profil 1 path=C:\Users\seif9\source\repos\Ruby Exec 1\Ruby Exec 1\bin\x64\Debug\net10.0-windows\Ruby Exec 1.exe.WebView2\EBWebView\Default lastActive=2026-08-11T16:51:16.993Z
2026-08-11 16:56:39.108: [INFO] OnDoneLoading sync enabled: 0
2026-08-11 16:56:39.108: [INFO] BookmarkModelLoaded, ids_reassigned: 0
2026-08-11 16:56:39.108: [INFO] BookmarksLoadDropped droppedNodes=0
2026-08-11 16:56:39.108: [INFO] BookmarksSnapshot Startup total=0 bar=0 other=0 mobile=0 showBar=0 showBarNTP=1
2026-08-11 16:58:51.118: [INFO] BookmarksSnapshot Shutdown total=0 bar=0 other=0 mobile=0 showBar=0 showBarNTP=1
2026-08-11 16:58:54.372: [INFO] CurrentProfilePath: C:\Users\seif9\source\repos\Ruby Exec 1\Ruby Exec 1\bin\x64\Debug\net10.0-windows\Ruby Exec 1.exe.WebView2\EBWebView\Default
2026-08-11 16:58:54.372: [INFO] Profiles total count: 1
2026-08-11 16:58:54.372: [INFO] Profile: name=Profil 1 path=C:\Users\seif9\source\repos\Ruby Exec 1\Ruby Exec 1\bin\x64\Debug\net10.0-windows\Ruby Exec 1.exe.WebView2\EBWebView\Default lastActive=2026-08-11T16:51:16.993Z
2026-08-11 16:58:54.372: [INFO] LastUsedProfileDir: C:\Users\seif9\source\repos\Ruby Exec 1\Ruby Exec 1\bin\x64\Debug\net10.0-windows\Ruby Exec 1.exe.WebView2\EBWebView\Default
2026-08-11 16:58:54.372: [INFO] MostRecentlyActiveProfile: name=Profil 1 path=C:\Users\seif9\source\repos\Ruby Exec 1\Ruby Exec 1\bin\x64\Debug\net10.0-windows\Ruby Exec 1.exe.WebView2\EBWebView\Default lastActive=2026-08-11T16:51:16.993Z
2026-08-11 16:58:54.372: [INFO] OnDoneLoading sync enabled: 0
2026-08-11 16:58:54.372: [INFO] BookmarkModelLoaded, ids_reassigned: 0
2026-08-11 16:58:54.372: [INFO] BookmarksLoadDropped droppedNodes=0
2026-08-11 16:58:54.373: [INFO] BookmarksSnapshot Startup total=0 bar=0 other=0 mobile=0 showBar=0 showBarNTP=1
2026-08-11 17:00:23.075: [INFO] BookmarksSnapshot Shutdown total=0 bar=0 other=0 mobile=0 showBar=0 showBarNTP=1
2026-08-11 17:00:26.252: [INFO] CurrentProfilePath: C:\Users\seif9\source\repos\Ruby Exec 1\Ruby Exec 1\bin\x64\Debug\net10.0-windows\Ruby Exec 1.exe.WebView2\EBWebView\Default
2026-08-11 17:00:26.252: [INFO] Profiles total count: 1
2026-08-11 17:00:26.252: [INFO] Profile: name=Profil 1 path=C:\Users\seif9\source\repos\Ruby Exec 1\Ruby Exec 1\bin\x64\Debug\net10.0-windows\Ruby Exec 1.exe.WebView2\EBWebView\Default lastActive=2026-08-11T16:51:16.993Z
2026-08-11 17:00:26.252: [INFO] LastUsedProfileDir: C:\Users\seif9\source\repos\Ruby Exec 1\Ruby Exec 1\bin\x64\Debug\net10.0-windows\Ruby Exec 1.exe.WebView2\EBWebView\Default
2026-08-11 17:00:26.252: [INFO] MostRecentlyActiveProfile: name=Profil 1 path=C:\Users\seif9\source\repos\Ruby Exec 1\Ruby Exec 1\bin\x64\Debug\net10.0-windows\Ruby Exec 1.exe.WebView2\EBWebView\Default lastActive=2026-08-11T16:51:16.993Z
2026-08-11 17:00:26.252: [INFO] OnDoneLoading sync enabled: 0
2026-08-11 17:00:26.252: [INFO] BookmarkModelLoaded, ids_reassigned: 0
2026-08-11 17:00:26.252: [INFO] BookmarksLoadDropped droppedNodes=0
2026-08-11 17:00:26.252: [INFO] BookmarksSnapshot Startup total=0 bar=0 other=0 mobile=0 showBar=0 showBarNTP=1
2026-08-11 17:02:55.767: [INFO] BookmarksSnapshot Shutdown total=0 bar=0 other=0 mobile=0 showBar=0 showBarNTP=1
2026-08-11 17:02:58.814: [INFO] CurrentProfilePath: C:\Users\seif9\source\repos\Ruby Exec 1\Ruby Exec 1\bin\x64\Debug\net10.0-windows\Ruby Exec 1.exe.WebView2\EBWebView\Default
2026-08-11 17:02:58.814: [INFO] Profiles total count: 1
2026-08-11 17:02:58.814: [INFO] Profile: name=Profil 1 path=C:\Users\seif9\source\repos\Ruby Exec 1\Ruby Exec 1\bin\x64\Debug\net10.0-windows\Ruby Exec 1.exe.WebView2\EBWebView\Default lastActive=2026-08-11T16:51:16.993Z
2026-08-11 17:02:58.814: [INFO] LastUsedProfileDir: C:\Users\seif9\source\repos\Ruby Exec 1\Ruby Exec 1\bin\x64\Debug\net10.0-windows\Ruby Exec 1.exe.WebView2\EBWebView\Default
2026-08-11 17:02:58.815: [INFO] MostRecentlyActiveProfile: name=Profil 1 path=C:\Users\seif9\source\repos\Ruby Exec 1\Ruby Exec 1\bin\x64\Debug\net10.0-windows\Ruby Exec 1.exe.WebView2\EBWebView\Default lastActive=2026-08-11T16:51:16.993Z
2026-08-11 17:02:58.815: [INFO] OnDoneLoading sync enabled: 0
2026-08-11 17:02:58.815: [INFO] BookmarkModelLoaded, ids_reassigned: 0
2026-08-11 17:02:58.815: [INFO] BookmarksLoadDropped droppedNodes=0
2026-08-11 17:02:58.815: [INFO] BookmarksSnapshot Startup total=0 bar=0 other=0 mobile=0 showBar=0 showBarNTP=1
2026-08-11 17:05:25.933: [INFO] BookmarksSnapshot Shutdown total=0 bar=0 other=0 mobile=0 showBar=0 showBarNTP=1
2026-08-11 17:07:36.004: [INFO] CurrentProfilePath: C:\Users\seif9\source\repos\Ruby Exec 1\Ruby Exec 1\bin\x64\Debug\net10.0-windows\Ruby Exec 1.exe.WebView2\EBWebView\Default
2026-08-11 17:07:36.004: [INFO] Profiles total count: 1
2026-08-11 17:07:36.005: [INFO] Profile: name=Profil 1 path=C:\Users\seif9\source\repos\Ruby Exec 1\Ruby Exec 1\bin\x64\Debug\net10.0-windows\Ruby Exec 1.exe.WebView2\EBWebView\Default lastActive=2026-08-11T16:51:16.993Z
2026-08-11 17:07:36.005: [INFO] LastUsedProfileDir: C:\Users\seif9\source\repos\Ruby Exec 1\Ruby Exec 1\bin\x64\Debug\net10.0-windows\Ruby Exec 1.exe.WebView2\EBWebView\Default
2026-08-11 17:07:36.005: [INFO] MostRecentlyActiveProfile: name=Profil 1 path=C:\Users\seif9\source\repos\Ruby Exec 1\Ruby Exec 1\bin\x64\Debug\net10.0-windows\Ruby Exec 1.exe.WebView2\EBWebView\Default lastActive=2026-08-11T16:51:16.993Z
2026-08-11 17:07:36.005: [INFO] OnDoneLoading sync enabled: 0
2026-08-11 17:07:36.005: [INFO] BookmarkModelLoaded, ids_reassigned: 0
2026-08-11 17:07:36.005: [INFO] BookmarksLoadDropped droppedNodes=0
2026-08-11 17:07:36.005: [INFO] BookmarksSnapshot Startup total=0 bar=0 other=0 mobile=0 showBar=0 showBarNTP=1
2026-08-11 17:09:51.826: [INFO] BookmarksSnapshot Shutdown total=0 bar=0 other=0 mobile=0 showBar=0 showBarNTP=1
2026-08-11 17:12:43.472: [INFO] CurrentProfilePath: C:\Users\seif9\source\repos\Ruby Exec 1\Ruby Exec 1\bin\x64\Debug\net10.0-windows\Ruby Exec 1.exe.WebView2\EBWebView\Default
2026-08-11 17:12:43.472: [INFO] Profiles total count: 1
2026-08-11 17:12:43.473: [INFO] Profile: name=Profil 1 path=C:\Users\seif9\source\repos\Ruby Exec 1\Ruby Exec 1\bin\x64\Debug\net10.0-windows\Ruby Exec 1.exe.WebView2\EBWebView\Default lastActive=2026-08-11T16:51:16.993Z
2026-08-11 17:12:43.473: [INFO] LastUsedProfileDir: C:\Users\seif9\source\repos\Ruby Exec 1\Ruby Exec 1\bin\x64\Debug\net10.0-windows\Ruby Exec 1.exe.WebView2\EBWebView\Default
2026-08-11 17:12:43.473: [INFO] MostRecentlyActiveProfile: name=Profil 1 path=C:\Users\seif9\source\repos\Ruby Exec 1\Ruby Exec 1\bin\x64\Debug\net10.0-windows\Ruby Exec 1.exe.WebView2\EBWebView\Default lastActive=2026-08-11T16:51:16.993Z
2026-08-11 17:12:43.473: [INFO] OnDoneLoading sync enabled: 0
2026-08-11 17:12:43.473: [INFO] BookmarkModelLoaded, ids_reassigned: 0
2026-08-11 17:12:43.473: [INFO] BookmarksLoadDropped droppedNodes=0
2026-08-11 17:12:43.473: [INFO] BookmarksSnapshot Startup total=0 bar=0 other=0 mobile=0 showBar=0 showBarNTP=1
2026-08-11 17:12:51.715: [INFO] BookmarksSnapshot Shutdown total=0 bar=0 other=0 mobile=0 showBar=0 showBarNTP=1
2026-08-11 17:13:05.279: [INFO] CurrentProfilePath: C:\Users\seif9\source\repos\Ruby Exec 1\Ruby Exec 1\bin\x64\Debug\net10.0-windows\Ruby Exec 1.exe.WebView2\EBWebView\Default
2026-08-11 17:13:05.279: [INFO] Profiles total count: 1
2026-08-11 17:13:05.279: [INFO] Profile: name=Profil 1 path=C:\Users\seif9\source\repos\Ruby Exec 1\Ruby Exec 1\bin\x64\Debug\net10.0-windows\Ruby Exec 1.exe.WebView2\EBWebView\Default lastActive=2026-08-11T16:51:16.993Z
2026-08-11 17:13:05.279: [INFO] LastUsedProfileDir: C:\Users\seif9\source\repos\Ruby Exec 1\Ruby Exec 1\bin\x64\Debug\net10.0-windows\Ruby Exec 1.exe.WebView2\EBWebView\Default
2026-08-11 17:13:05.279: [INFO] MostRecentlyActiveProfile: name=Profil 1 path=C:\Users\seif9\source\repos\Ruby Exec 1\Ruby Exec 1\bin\x64\Debug\net10.0-windows\Ruby Exec 1.exe.WebView2\EBWebView\Default lastActive=2026-08-11T16:51:16.993Z
2026-08-11 17:13:05.279: [INFO] OnDoneLoading sync enabled: 0
2026-08-11 17:13:05.279: [INFO] BookmarkModelLoaded, ids_reassigned: 0
2026-08-11 17:13:05.279: [INFO] BookmarksLoadDropped droppedNodes=0
2026-08-11 17:13:05.279: [INFO] BookmarksSnapshot Startup total=0 bar=0 other=0 mobile=0 showBar=0 showBarNTP=1
2026-08-11 17:13:09.065: [INFO] BookmarksSnapshot Shutdown total=0 bar=0 other=0 mobile=0 showBar=0 showBarNTP=1
2026-08-11 17:14:10.764: [INFO] CurrentProfilePath: C:\Users\seif9\source\repos\Ruby Exec 1\Ruby Exec 1\bin\x64\Debug\net10.0-windows\Ruby Exec 1.exe.WebView2\EBWebView\Default
2026-08-11 17:14:10.764: [INFO] Profiles total count: 1
2026-08-11 17:14:10.764: [INFO] Profile: name=Profil 1 path=C:\Users\seif9\source\repos\Ruby Exec 1\Ruby Exec 1\bin\x64\Debug\net10.0-windows\Ruby Exec 1.exe.WebView2\EBWebView\Default lastActive=2026-08-11T16:51:16.993Z
2026-08-11 17:14:10.764: [INFO] LastUsedProfileDir: C:\Users\seif9\source\repos\Ruby Exec 1\Ruby Exec 1\bin\x64\Debug\net10.0-windows\Ruby Exec 1.exe.WebView2\EBWebView\Default
2026-08-11 17:14:10.764: [INFO] MostRecentlyActiveProfile: name=Profil 1 path=C:\Users\seif9\source\repos\Ruby Exec 1\Ruby Exec 1\bin\x64\Debug\net10.0-windows\Ruby Exec 1.exe.WebView2\EBWebView\Default lastActive=2026-08-11T16:51:16.993Z
2026-08-11 17:14:10.764: [INFO] OnDoneLoading sync enabled: 0
2026-08-11 17:14:10.765: [INFO] BookmarkModelLoaded, ids_reassigned: 0
2026-08-11 17:14:10.765: [INFO] BookmarksLoadDropped droppedNodes=0
2026-08-11 17:14:10.765: [INFO] BookmarksSnapshot Startup total=0 bar=0 other=0 mobile=0 showBar=0 showBarNTP=1
2026-08-11 17:14:14.182: [INFO] BookmarksSnapshot Shutdown total=0 bar=0 other=0 mobile=0 showBar=0 showBarNTP=1
2026-08-11 17:14:57.801: [INFO] CurrentProfilePath: C:\Users\seif9\source\repos\Ruby Exec 1\Ruby Exec 1\bin\x64\Debug\net10.0-windows\Ruby Exec 1.exe.WebView2\EBWebView\Default
2026-08-11 17:14:57.801: [INFO] Profiles total count: 1
2026-08-11 17:14:57.801: [INFO] Profile: name=Profil 1 path=C:\Users\seif9\source\repos\Ruby Exec 1\Ruby Exec 1\bin\x64\Debug\net10.0-windows\Ruby Exec 1.exe.WebView2\EBWebView\Default lastActive=2026-08-11T16:51:16.993Z
2026-08-11 17:14:57.801: [INFO] LastUsedProfileDir: C:\Users\seif9\source\repos\Ruby Exec 1\Ruby Exec 1\bin\x64\Debug\net10.0-windows\Ruby Exec 1.exe.WebView2\EBWebView\Default
2026-08-11 17:14:57.801: [INFO] MostRecentlyActiveProfile: name=Profil 1 path=C:\Users\seif9\source\repos\Ruby Exec 1\Ruby Exec 1\bin\x64\Debug\net10.0-windows\Ruby Exec 1.exe.WebView2\EBWebView\Default lastActive=2026-08-11T16:51:16.993Z
2026-08-11 17:14:57.801: [INFO] OnDoneLoading sync enabled: 0
2026-08-11 17:14:57.801: [INFO] BookmarkModelLoaded, ids_reassigned: 0
2026-08-11 17:14:57.801: [INFO] BookmarksLoadDropped droppedNodes=0
2026-08-11 17:14:57.801: [INFO] BookmarksSnapshot Startup total=0 bar=0 other=0 mobile=0 showBar=0 showBarNTP=1
2026-08-11 17:15:01.212: [INFO] BookmarksSnapshot Shutdown total=0 bar=0 other=0 mobile=0 showBar=0 showBarNTP=1
2026-08-11 17:15:21.936: [INFO] CurrentProfilePath: C:\Users\seif9\source\repos\Ruby Exec 1\Ruby Exec 1\bin\x64\Debug\net10.0-windows\Ruby Exec 1.exe.WebView2\EBWebView\Default
2026-08-11 17:15:21.936: [INFO] Profiles total count: 1
2026-08-11 17:15:21.937: [INFO] Profile: name=Profil 1 path=C:\Users\seif9\source\repos\Ruby Exec 1\Ruby Exec 1\bin\x64\Debug\net10.0-windows\Ruby Exec 1.exe.WebView2\EBWebView\Default lastActive=2026-08-11T16:51:16.993Z
2026-08-11 17:15:21.937: [INFO] LastUsedProfileDir: C:\Users\seif9\source\repos\Ruby Exec 1\Ruby Exec 1\bin\x64\Debug\net10.0-windows\Ruby Exec 1.exe.WebView2\EBWebView\Default
2026-08-11 17:15:21.937: [INFO] MostRecentlyActiveProfile: name=Profil 1 path=C:\Users\seif9\source\repos\Ruby Exec 1\Ruby Exec 1\bin\x64\Debug\net10.0-windows\Ruby Exec 1.exe.WebView2\EBWebView\Default lastActive=2026-08-11T16:51:16.993Z
2026-08-11 17:15:21.937: [INFO] OnDoneLoading sync enabled: 0
2026-08-11 17:15:21.937: [INFO] BookmarkModelLoaded, ids_reassigned: 0
2026-08-11 17:15:21.937: [INFO] BookmarksLoadDropped droppedNodes=0
2026-08-11 17:15:21.937: [INFO] BookmarksSnapshot Startup total=0 bar=0 other=0 mobile=0 showBar=0 showBarNTP=1
2026-08-11 17:15:26.149: [INFO] BookmarksSnapshot Shutdown total=0 bar=0 other=0 mobile=0 showBar=0 showBarNTP=1
2026-08-11 17:17:34.188: [INFO] CurrentProfilePath: C:\Users\seif9\source\repos\Ruby Exec 1\Ruby Exec 1\bin\x64\Debug\net10.0-windows\Ruby Exec 1.exe.WebView2\EBWebView\Default
2026-08-11 17:17:34.188: [INFO] Profiles total count: 1
2026-08-11 17:17:34.189: [INFO] Profile: name=Profil 1 path=C:\Users\seif9\source\repos\Ruby Exec 1\Ruby Exec 1\bin\x64\Debug\net10.0-windows\Ruby Exec 1.exe.WebView2\EBWebView\Default lastActive=2026-08-11T16:51:16.993Z
2026-08-11 17:17:34.189: [INFO] LastUsedProfileDir: C:\Users\seif9\source\repos\Ruby Exec 1\Ruby Exec 1\bin\x64\Debug\net10.0-windows\Ruby Exec 1.exe.WebView2\EBWebView\Default
2026-08-11 17:17:34.189: [INFO] MostRecentlyActiveProfile: name=Profil 1 path=C:\Users\seif9\source\repos\Ruby Exec 1\Ruby Exec 1\bin\x64\Debug\net10.0-windows\Ruby Exec 1.exe.WebView2\EBWebView\Default lastActive=2026-08-11T16:51:16.993Z
2026-08-11 17:17:34.189: [INFO] OnDoneLoading sync enabled: 0
2026-08-11 17:17:34.189: [INFO] BookmarkModelLoaded, ids_reassigned: 0
2026-08-11 17:17:34.189: [INFO] BookmarksLoadDropped droppedNodes=0
2026-08-11 17:17:34.189: [INFO] BookmarksSnapshot Startup total=0 bar=0 other=0 mobile=0 showBar=0 showBarNTP=1
2026-08-11 17:21:55.134: [INFO] BookmarksSnapshot Shutdown total=0 bar=0 other=0 mobile=0 showBar=0 showBarNTP=1
2026-08-11 17:21:58.474: [INFO] CurrentProfilePath: C:\Users\seif9\source\repos\Ruby Exec 1\Ruby Exec 1\bin\x64\Debug\net10.0-windows\Ruby Exec 1.exe.WebView2\EBWebView\Default
2026-08-11 17:21:58.474: [INFO] Profiles total count: 1
2026-08-11 17:21:58.474: [INFO] Profile: name=Profil 1 path=C:\Users\seif9\source\repos\Ruby Exec 1\Ruby Exec 1\bin\x64\Debug\net10.0-windows\Ruby Exec 1.exe.WebView2\EBWebView\Default lastActive=2026-08-11T16:51:16.993Z
2026-08-11 17:21:58.474: [INFO] LastUsedProfileDir: C:\Users\seif9\source\repos\Ruby Exec 1\Ruby Exec 1\bin\x64\Debug\net10.0-windows\Ruby Exec 1.exe.WebView2\EBWebView\Default
2026-08-11 17:21:58.474: [INFO] MostRecentlyActiveProfile: name=Profil 1 path=C:\Users\seif9\source\repos\Ruby Exec 1\Ruby Exec 1\bin\x64\Debug\net10.0-windows\Ruby Exec 1.exe.WebView2\EBWebView\Default lastActive=2026-08-11T16:51:16.993Z
2026-08-11 17:21:58.474: [INFO] OnDoneLoading sync enabled: 0
2026-08-11 17:21:58.475: [INFO] BookmarkModelLoaded, ids_reassigned: 0
2026-08-11 17:21:58.475: [INFO] BookmarksLoadDropped droppedNodes=0
2026-08-11 17:21:58.475: [INFO] BookmarksSnapshot Startup total=0 bar=0 other=0 mobile=0 showBar=0 showBarNTP=1
2026-08-11 17:24:39.108: [INFO] BookmarksSnapshot Shutdown total=0 bar=0 other=0 mobile=0 showBar=0 showBarNTP=1
2026-08-11 17:24:47.479: [INFO] CurrentProfilePath: C:\Users\seif9\source\repos\Ruby Exec 1\Ruby Exec 1\bin\x64\Debug\net10.0-windows\Ruby Exec 1.exe.WebView2\EBWebView\Default
2026-08-11 17:24:47.479: [INFO] Profiles total count: 1
2026-08-11 17:24:47.479: [INFO] Profile: name=Profil 1 path=C:\Users\seif9\source\repos\Ruby Exec 1\Ruby Exec 1\bin\x64\Debug\net10.0-windows\Ruby Exec 1.exe.WebView2\EBWebView\Default lastActive=2026-08-11T17:22:38.724Z
2026-08-11 17:24:47.479: [INFO] LastUsedProfileDir: C:\Users\seif9\source\repos\Ruby Exec 1\Ruby Exec 1\bin\x64\Debug\net10.0-windows\Ruby Exec 1.exe.WebView2\EBWebView\Default
2026-08-11 17:24:47.479: [INFO] MostRecentlyActiveProfile: name=Profil 1 path=C:\Users\seif9\source\repos\Ruby Exec 1\Ruby Exec 1\bin\x64\Debug\net10.0-windows\Ruby Exec 1.exe.WebView2\EBWebView\Default lastActive=2026-08-11T17:22:38.724Z
2026-08-11 17:24:47.479: [INFO] OnDoneLoading sync enabled: 0
2026-08-11 17:24:47.479: [INFO] BookmarkModelLoaded, ids_reassigned: 0
2026-08-11 17:24:47.479: [INFO] BookmarksLoadDropped droppedNodes=0
2026-08-11 17:24:47.479: [INFO] BookmarksSnapshot Startup total=0 bar=0 other=0 mobile=0 showBar=0 showBarNTP=1
2026-08-11 17:25:05.815: [INFO] BookmarksSnapshot Shutdown total=0 bar=0 other=0 mobile=0 showBar=0 showBarNTP=1
2026-08-11 17:25:09.190: [INFO] CurrentProfilePath: C:\Users\seif9\source\repos\Ruby Exec 1\Ruby Exec 1\bin\x64\Debug\net10.0-windows\Ruby Exec 1.exe.WebView2\EBWebView\Default
2026-08-11 17:25:09.190: [INFO] Profiles total count: 1
2026-08-11 17:25:09.190: [INFO] Profile: name=Profil 1 path=C:\Users\seif9\source\repos\Ruby Exec 1\Ruby Exec 1\bin\x64\Debug\net10.0-windows\Ruby Exec 1.exe.WebView2\EBWebView\Default lastActive=2026-08-11T17:24:55.922Z
2026-08-11 17:25:09.190: [INFO] LastUsedProfileDir: C:\Users\seif9\source\repos\Ruby Exec 1\Ruby Exec 1\bin\x64\Debug\net10.0-windows\Ruby Exec 1.exe.WebView2\EBWebView\Default
2026-08-11 17:25:09.190: [INFO] MostRecentlyActiveProfile: name=Profil 1 path=C:\Users\seif9\source\repos\Ruby Exec 1\Ruby Exec 1\bin\x64\Debug\net10.0-windows\Ruby Exec 1.exe.WebView2\EBWebView\Default lastActive=2026-08-11T17:24:55.922Z
2026-08-11 17:25:09.190: [INFO] OnDoneLoading sync enabled: 0
2026-08-11 17:25:09.190: [INFO] BookmarkModelLoaded, ids_reassigned: 0
2026-08-11 17:25:09.190: [INFO] BookmarksLoadDropped droppedNodes=0
2026-08-11 17:25:09.190: [INFO] BookmarksSnapshot Startup total=0 bar=0 other=0 mobile=0 showBar=0 showBarNTP=1
2026-08-11 17:26:51.743: [INFO] BookmarksSnapshot Shutdown total=0 bar=0 other=0 mobile=0 showBar=0 showBarNTP=1
2026-08-11 17:26:54.664: [INFO] CurrentProfilePath: C:\Users\seif9\source\repos\Ruby Exec 1\Ruby Exec 1\bin\x64\Debug\net10.0-windows\Ruby Exec 1.exe.WebView2\EBWebView\Default
2026-08-11 17:26:54.664: [INFO] Profiles total count: 1
2026-08-11 17:26:54.665: [INFO] Profile: name=Profil 1 path=C:\Users\seif9\source\repos\Ruby Exec 1\Ruby Exec 1\bin\x64\Debug\net10.0-windows\Ruby Exec 1.exe.WebView2\EBWebView\Default lastActive=2026-08-11T17:25:17.937Z
2026-08-11 17:26:54.665: [INFO] LastUsedProfileDir: C:\Users\seif9\source\repos\Ruby Exec 1\Ruby Exec 1\bin\x64\Debug\net10.0-windows\Ruby Exec 1.exe.WebView2\EBWebView\Default
2026-08-11 17:26:54.665: [INFO] MostRecentlyActiveProfile: name=Profil 1 path=C:\Users\seif9\source\repos\Ruby Exec 1\Ruby Exec 1\bin\x64\Debug\net10.0-windows\Ruby Exec 1.exe.WebView2\EBWebView\Default lastActive=2026-08-11T17:25:17.937Z
2026-08-11 17:26:54.665: [INFO] OnDoneLoading sync enabled: 0
2026-08-11 17:26:54.665: [INFO] BookmarkModelLoaded, ids_reassigned: 0
2026-08-11 17:26:54.665: [INFO] BookmarksLoadDropped droppedNodes=0
2026-08-11 17:26:54.665: [INFO] BookmarksSnapshot Startup total=0 bar=0 other=0 mobile=0 showBar=0 showBarNTP=1
2026-08-11 17:29:31.573: [INFO] BookmarksSnapshot Shutdown total=0 bar=0 other=0 mobile=0 showBar=0 showBarNTP=1
2026-08-11 17:29:34.647: [INFO] CurrentProfilePath: C:\Users\seif9\source\repos\Ruby Exec 1\Ruby Exec 1\bin\x64\Debug\net10.0-windows\Ruby Exec 1.exe.WebView2\EBWebView\Default
2026-08-11 17:29:34.647: [INFO] Profiles total count: 1
2026-08-11 17:29:34.648: [INFO] Profile: name=Profil 1 path=C:\Users\seif9\source\repos\Ruby Exec 1\Ruby Exec 1\bin\x64\Debug\net10.0-windows\Ruby Exec 1.exe.WebView2\EBWebView\Default lastActive=2026-08-11T17:27:08.466Z
2026-08-11 17:29:34.648: [INFO] LastUsedProfileDir: C:\Users\seif9\source\repos\Ruby Exec 1\Ruby Exec 1\bin\x64\Debug\net10.0-windows\Ruby Exec 1.exe.WebView2\EBWebView\Default
2026-08-11 17:29:34.648: [INFO] MostRecentlyActiveProfile: name=Profil 1 path=C:\Users\seif9\source\repos\Ruby Exec 1\Ruby Exec 1\bin\x64\Debug\net10.0-windows\Ruby Exec 1.exe.WebView2\EBWebView\Default lastActive=2026-08-11T17:27:08.466Z
2026-08-11 17:29:34.648: [INFO] OnDoneLoading sync enabled: 0
2026-08-11 17:29:34.648: [INFO] BookmarkModelLoaded, ids_reassigned: 0
2026-08-11 17:29:34.648: [INFO] BookmarksLoadDropped droppedNodes=0
2026-08-11 17:29:34.648: [INFO] BookmarksSnapshot Startup total=0 bar=0 other=0 mobile=0 showBar=0 showBarNTP=1
2026-08-11 17:31:15.828: [INFO] BookmarksSnapshot Shutdown total=0 bar=0 other=0 mobile=0 showBar=0 showBarNTP=1
2026-08-11 17:31:18.548: [INFO] CurrentProfilePath: C:\Users\seif9\source\repos\Ruby Exec 1\Ruby Exec 1\bin\x64\Debug\net10.0-windows\Ruby Exec 1.exe.WebView2\EBWebView\Default
2026-08-11 17:31:18.548: [INFO] Profiles total count: 1
2026-08-11 17:31:18.548: [INFO] Profile: name=Profil 1 path=C:\Users\seif9\source\repos\Ruby Exec 1\Ruby Exec 1\bin\x64\Debug\net10.0-windows\Ruby Exec 1.exe.WebView2\EBWebView\Default lastActive=2026-08-11T17:27:08.466Z
2026-08-11 17:31:18.548: [INFO] LastUsedProfileDir: C:\Users\seif9\source\repos\Ruby Exec 1\Ruby Exec 1\bin\x64\Debug\net10.0-windows\Ruby Exec 1.exe.WebView2\EBWebView\Default
2026-08-11 17:31:18.548: [INFO] MostRecentlyActiveProfile: name=Profil 1 path=C:\Users\seif9\source\repos\Ruby Exec 1\Ruby Exec 1\bin\x64\Debug\net10.0-windows\Ruby Exec 1.exe.WebView2\EBWebView\Default lastActive=2026-08-11T17:27:08.466Z
2026-08-11 17:31:18.548: [INFO] OnDoneLoading sync enabled: 0
2026-08-11 17:31:18.548: [INFO] BookmarkModelLoaded, ids_reassigned: 0
2026-08-11 17:31:18.548: [INFO] BookmarksLoadDropped droppedNodes=0
2026-08-11 17:31:18.548: [INFO] BookmarksSnapshot Startup total=0 bar=0 other=0 mobile=0 showBar=0 showBarNTP=1
2026-08-11 17:34:39.233: [INFO] BookmarksSnapshot Shutdown total=0 bar=0 other=0 mobile=0 showBar=0 showBarNTP=1
2026-08-11 17:34:41.910: [INFO] CurrentProfilePath: C:\Users\seif9\source\repos\Ruby Exec 1\Ruby Exec 1\bin\x64\Debug\net10.0-windows\Ruby Exec 1.exe.WebView2\EBWebView\Default
2026-08-11 17:34:41.910: [INFO] Profiles total count: 1
2026-08-11 17:34:41.911: [INFO] Profile: name=Profil 1 path=C:\Users\seif9\source\repos\Ruby Exec 1\Ruby Exec 1\bin\x64\Debug\net10.0-windows\Ruby Exec 1.exe.WebView2\EBWebView\Default lastActive=2026-08-11T17:27:08.466Z
2026-08-11 17:34:41.911: [INFO] LastUsedProfileDir: C:\Users\seif9\source\repos\Ruby Exec 1\Ruby Exec 1\bin\x64\Debug\net10.0-windows\Ruby Exec 1.exe.WebView2\EBWebView\Default
2026-08-11 17:34:41.911: [INFO] MostRecentlyActiveProfile: name=Profil 1 path=C:\Users\seif9\source\repos\Ruby Exec 1\Ruby Exec 1\bin\x64\Debug\net10.0-windows\Ruby Exec 1.exe.WebView2\EBWebView\Default lastActive=2026-08-11T17:27:08.466Z
2026-08-11 17:34:41.911: [INFO] OnDoneLoading sync enabled: 0
2026-08-11 17:34:41.911: [INFO] BookmarkModelLoaded, ids_reassigned: 0
2026-08-11 17:34:41.911: [INFO] BookmarksLoadDropped droppedNodes=0
2026-08-11 17:34:41.911: [INFO] BookmarksSnapshot Startup total=0 bar=0 other=0 mobile=0 showBar=0 showBarNTP=1
2026-08-11 17:36:32.047: [INFO] BookmarksSnapshot Shutdown total=0 bar=0 other=0 mobile=0 showBar=0 showBarNTP=1
2026-08-11 17:36:36.276: [INFO] CurrentProfilePath: C:\Users\seif9\source\repos\Ruby Exec 1\Ruby Exec 1\bin\x64\Debug\net10.0-windows\Ruby Exec 1.exe.WebView2\EBWebView\Default
2026-08-11 17:36:36.276: [INFO] Profiles total count: 1
2026-08-11 17:36:36.276: [INFO] Profile: name=Profil 1 path=C:\Users\seif9\source\repos\Ruby Exec 1\Ruby Exec 1\bin\x64\Debug\net10.0-windows\Ruby Exec 1.exe.WebView2\EBWebView\Default lastActive=2026-08-11T17:27:08.466Z
2026-08-11 17:36:36.276: [INFO] LastUsedProfileDir: C:\Users\seif9\source\repos\Ruby Exec 1\Ruby Exec 1\bin\x64\Debug\net10.0-windows\Ruby Exec 1.exe.WebView2\EBWebView\Default
2026-08-11 17:36:36.277: [INFO] MostRecentlyActiveProfile: name=Profil 1 path=C:\Users\seif9\source\repos\Ruby Exec 1\Ruby Exec 1\bin\x64\Debug\net10.0-windows\Ruby Exec 1.exe.WebView2\EBWebView\Default lastActive=2026-08-11T17:27:08.466Z
2026-08-11 17:36:36.277: [INFO] OnDoneLoading sync enabled: 0
2026-08-11 17:36:36.277: [INFO] BookmarkModelLoaded, ids_reassigned: 0
2026-08-11 17:36:36.277: [INFO] BookmarksLoadDropped droppedNodes=0
2026-08-11 17:36:36.277: [INFO] BookmarksSnapshot Startup total=0 bar=0 other=0 mobile=0 showBar=0 showBarNTP=1
2026-08-11 18:06:34.880: [INFO] BookmarksSnapshot Shutdown total=0 bar=0 other=0 mobile=0 showBar=0 showBarNTP=1
2026-08-11 18:06:37.371: [INFO] CurrentProfilePath: C:\Users\seif9\source\repos\Ruby Exec 1\Ruby Exec 1\bin\x64\Debug\net10.0-windows\Ruby Exec 1.exe.WebView2\EBWebView\Default
2026-08-11 18:06:37.371: [INFO] Profiles total count: 1
2026-08-11 18:06:37.371: [INFO] Profile: name=Profil 1 path=C:\Users\seif9\source\repos\Ruby Exec 1\Ruby Exec 1\bin\x64\Debug\net10.0-windows\Ruby Exec 1.exe.WebView2\EBWebView\Default lastActive=2026-08-11T17:27:08.466Z
2026-08-11 18:06:37.371: [INFO] LastUsedProfileDir: C:\Users\seif9\source\repos\Ruby Exec 1\Ruby Exec 1\bin\x64\Debug\net10.0-windows\Ruby Exec 1.exe.WebView2\EBWebView\Default
2026-08-11 18:06:37.371: [INFO] MostRecentlyActiveProfile: name=Profil 1 path=C:\Users\seif9\source\repos\Ruby Exec 1\Ruby Exec 1\bin\x64\Debug\net10.0-windows\Ruby Exec 1.exe.WebView2\EBWebView\Default lastActive=2026-08-11T17:27:08.466Z
2026-08-11 18:06:37.371: [INFO] OnDoneLoading sync enabled: 0
2026-08-11 18:06:37.371: [INFO] BookmarkModelLoaded, ids_reassigned: 0
2026-08-11 18:06:37.371: [INFO] BookmarksLoadDropped droppedNodes=0
2026-08-11 18:06:37.371: [INFO] BookmarksSnapshot Startup total=0 bar=0 other=0 mobile=0 showBar=0 showBarNTP=1
2026-08-11 18:09:05.209: [INFO] BookmarksSnapshot Shutdown total=0 bar=0 other=0 mobile=0 showBar=0 showBarNTP=1
2026-08-11 18:11:55.721: [INFO] CurrentProfilePath: C:\Users\seif9\source\repos\Ruby Exec 1\Ruby Exec 1\bin\x64\Debug\net10.0-windows\Ruby Exec 1.exe.WebView2\EBWebView\Default
2026-08-11 18:11:55.721: [INFO] Profiles total count: 1
2026-08-11 18:11:55.722: [INFO] Profile: name=Profil 1 path=C:\Users\seif9\source\repos\Ruby Exec 1\Ruby Exec 1\bin\x64\Debug\net10.0-windows\Ruby Exec 1.exe.WebView2\EBWebView\Default lastActive=2026-08-11T18:09:55.798Z
2026-08-11 18:11:55.722: [INFO] LastUsedProfileDir: C:\Users\seif9\source\repos\Ruby Exec 1\Ruby Exec 1\bin\x64\Debug\net10.0-windows\Ruby Exec 1.exe.WebView2\EBWebView\Default
2026-08-11 18:11:55.722: [INFO] MostRecentlyActiveProfile: name=Profil 1 path=C:\Users\seif9\source\repos\Ruby Exec 1\Ruby Exec 1\bin\x64\Debug\net10.0-windows\Ruby Exec 1.exe.WebView2\EBWebView\Default lastActive=2026-08-11T18:09:55.798Z
2026-08-11 18:11:55.722: [INFO] OnDoneLoading sync enabled: 0
2026-08-11 18:11:55.722: [INFO] BookmarkModelLoaded, ids_reassigned: 0
2026-08-11 18:11:55.722: [INFO] BookmarksLoadDropped droppedNodes=0
2026-08-11 18:11:55.722: [INFO] BookmarksSnapshot Startup total=0 bar=0 other=0 mobile=0 showBar=0 showBarNTP=1
2026-08-11 18:12:15.411: [INFO] BookmarksSnapshot Shutdown total=0 bar=0 other=0 mobile=0 showBar=0 showBarNTP=1
2026-08-11 18:12:19.910: [INFO] CurrentProfilePath: C:\Users\seif9\source\repos\Ruby Exec 1\Ruby Exec 1\bin\x64\Debug\net10.0-windows\Ruby Exec 1.exe.WebView2\EBWebView\Default
2026-08-11 18:12:19.910: [INFO] Profiles total count: 1
2026-08-11 18:12:19.911: [INFO] Profile: name=Profil 1 path=C:\Users\seif9\source\repos\Ruby Exec 1\Ruby Exec 1\bin\x64\Debug\net10.0-windows\Ruby Exec 1.exe.WebView2\EBWebView\Default lastActive=2026-08-11T18:12:08.764Z
2026-08-11 18:12:19.911: [INFO] LastUsedProfileDir: C:\Users\seif9\source\repos\Ruby Exec 1\Ruby Exec 1\bin\x64\Debug\net10.0-windows\Ruby Exec 1.exe.WebView2\EBWebView\Default
2026-08-11 18:12:19.911: [INFO] MostRecentlyActiveProfile: name=Profil 1 path=C:\Users\seif9\source\repos\Ruby Exec 1\Ruby Exec 1\bin\x64\Debug\net10.0-windows\Ruby Exec 1.exe.WebView2\EBWebView\Default lastActive=2026-08-11T18:12:08.764Z
2026-08-11 18:12:19.911: [INFO] OnDoneLoading sync enabled: 0
2026-08-11 18:12:19.911: [INFO] BookmarkModelLoaded, ids_reassigned: 0
2026-08-11 18:12:19.911: [INFO] BookmarksLoadDropped droppedNodes=0
2026-08-11 18:12:19.911: [INFO] BookmarksSnapshot Startup total=0 bar=0 other=0 mobile=0 showBar=0 showBarNTP=1
2026-08-11 18:12:24.440: [INFO] BookmarksSnapshot Shutdown total=0 bar=0 other=0 mobile=0 showBar=0 showBarNTP=1
2026-08-11 18:12:47.969: [INFO] CurrentProfilePath: C:\Users\seif9\source\repos\Ruby Exec 1\Ruby Exec 1\bin\x64\Debug\net10.0-windows\Ruby Exec 1.exe.WebView2\EBWebView\Default
2026-08-11 18:12:47.969: [INFO] Profiles total count: 1
2026-08-11 18:12:47.970: [INFO] Profile: name=Profil 1 path=C:\Users\seif9\source\repos\Ruby Exec 1\Ruby Exec 1\bin\x64\Debug\net10.0-windows\Ruby Exec 1.exe.WebView2\EBWebView\Default lastActive=2026-08-11T18:12:38.993Z
2026-08-11 18:12:47.970: [INFO] LastUsedProfileDir: C:\Users\seif9\source\repos\Ruby Exec 1\Ruby Exec 1\bin\x64\Debug\net10.0-windows\Ruby Exec 1.exe.WebView2\EBWebView\Default
2026-08-11 18:12:47.970: [INFO] MostRecentlyActiveProfile: name=Profil 1 path=C:\Users\seif9\source\repos\Ruby Exec 1\Ruby Exec 1\bin\x64\Debug\net10.0-windows\Ruby Exec 1.exe.WebView2\EBWebView\Default lastActive=2026-08-11T18:12:38.993Z
2026-08-11 18:12:47.970: [INFO] OnDoneLoading sync enabled: 0
2026-08-11 18:12:47.970: [INFO] BookmarkModelLoaded, ids_reassigned: 0
2026-08-11 18:12:47.970: [INFO] BookmarksLoadDropped droppedNodes=0
2026-08-11 18:12:47.970: [INFO] BookmarksSnapshot Startup total=0 bar=0 other=0 mobile=0 showBar=0 showBarNTP=1
2026-08-11 18:15:55.354: [INFO] BookmarksSnapshot Shutdown total=0 bar=0 other=0 mobile=0 showBar=0 showBarNTP=1
2026-08-11 18:15:58.309: [INFO] CurrentProfilePath: C:\Users\seif9\source\repos\Ruby Exec 1\Ruby Exec 1\bin\x64\Debug\net10.0-windows\Ruby Exec 1.exe.WebView2\EBWebView\Default
2026-08-11 18:15:58.309: [INFO] Profiles total count: 1
2026-08-11 18:15:58.309: [INFO] Profile: name=Profil 1 path=C:\Users\seif9\source\repos\Ruby Exec 1\Ruby Exec 1\bin\x64\Debug\net10.0-windows\Ruby Exec 1.exe.WebView2\EBWebView\Default lastActive=2026-08-11T18:12:52.306Z
2026-08-11 18:15:58.309: [INFO] LastUsedProfileDir: C:\Users\seif9\source\repos\Ruby Exec 1\Ruby Exec 1\bin\x64\Debug\net10.0-windows\Ruby Exec 1.exe.WebView2\EBWebView\Default
2026-08-11 18:15:58.309: [INFO] MostRecentlyActiveProfile: name=Profil 1 path=C:\Users\seif9\source\repos\Ruby Exec 1\Ruby Exec 1\bin\x64\Debug\net10.0-windows\Ruby Exec 1.exe.WebView2\EBWebView\Default lastActive=2026-08-11T18:12:52.306Z
2026-08-11 18:15:58.309: [INFO] OnDoneLoading sync enabled: 0
2026-08-11 18:15:58.309: [INFO] BookmarkModelLoaded, ids_reassigned: 0
2026-08-11 18:15:58.309: [INFO] BookmarksLoadDropped droppedNodes=0
2026-08-11 18:15:58.309: [INFO] BookmarksSnapshot Startup total=0 bar=0 other=0 mobile=0 showBar=0 showBarNTP=1
2026-08-11 18:16:23.029: [INFO] BookmarksSnapshot Shutdown total=0 bar=0 other=0 mobile=0 showBar=0 showBarNTP=1
2026-08-11 18:17:14.544: [INFO] CurrentProfilePath: C:\Users\seif9\source\repos\Ruby Exec 1\Ruby Exec 1\bin\x64\Debug\net10.0-windows\Ruby Exec 1.exe.WebView2\EBWebView\Default
2026-08-11 18:17:14.544: [INFO] Profiles total count: 1
2026-08-11 18:17:14.544: [INFO] Profile: name=Profil 1 path=C:\Users\seif9\source\repos\Ruby Exec 1\Ruby Exec 1\bin\x64\Debug\net10.0-windows\Ruby Exec 1.exe.WebView2\EBWebView\Default lastActive=2026-08-11T18:16:01.549Z
2026-08-11 18:17:14.544: [INFO] LastUsedProfileDir: C:\Users\seif9\source\repos\Ruby Exec 1\Ruby Exec 1\bin\x64\Debug\net10.0-windows\Ruby Exec 1.exe.WebView2\EBWebView\Default
2026-08-11 18:17:14.544: [INFO] MostRecentlyActiveProfile: name=Profil 1 path=C:\Users\seif9\source\repos\Ruby Exec 1\Ruby Exec 1\bin\x64\Debug\net10.0-windows\Ruby Exec 1.exe.WebView2\EBWebView\Default lastActive=2026-08-11T18:16:01.549Z
2026-08-11 18:17:14.544: [INFO] OnDoneLoading sync enabled: 0
2026-08-11 18:17:14.544: [INFO] BookmarkModelLoaded, ids_reassigned: 0
2026-08-11 18:17:14.544: [INFO] BookmarksLoadDropped droppedNodes=0
2026-08-11 18:17:14.544: [INFO] BookmarksSnapshot Startup total=0 bar=0 other=0 mobile=0 showBar=0 showBarNTP=1
2026-08-11 18:17:32.501: [INFO] BookmarksSnapshot Shutdown total=0 bar=0 other=0 mobile=0 showBar=0 showBarNTP=1
2026-08-11 18:17:35.686: [INFO] CurrentProfilePath: C:\Users\seif9\source\repos\Ruby Exec 1\Ruby Exec 1\bin\x64\Debug\net10.0-windows\Ruby Exec 1.exe.WebView2\EBWebView\Default
2026-08-11 18:17:35.686: [INFO] Profiles total count: 1
2026-08-11 18:17:35.687: [INFO] Profile: name=Profil 1 path=C:\Users\seif9\source\repos\Ruby Exec 1\Ruby Exec 1\bin\x64\Debug\net10.0-windows\Ruby Exec 1.exe.WebView2\EBWebView\Default lastActive=2026-08-11T18:17:16.843Z
2026-08-11 18:17:35.687: [INFO] LastUsedProfileDir: C:\Users\seif9\source\repos\Ruby Exec 1\Ruby Exec 1\bin\x64\Debug\net10.0-windows\Ruby Exec 1.exe.WebView2\EBWebView\Default
2026-08-11 18:17:35.687: [INFO] MostRecentlyActiveProfile: name=Profil 1 path=C:\Users\seif9\source\repos\Ruby Exec 1\Ruby Exec 1\bin\x64\Debug\net10.0-windows\Ruby Exec 1.exe.WebView2\EBWebView\Default lastActive=2026-08-11T18:17:16.843Z
2026-08-11 18:17:35.687: [INFO] OnDoneLoading sync enabled: 0
2026-08-11 18:17:35.687: [INFO] BookmarkModelLoaded, ids_reassigned: 0
2026-08-11 18:17:35.687: [INFO] BookmarksLoadDropped droppedNodes=0
2026-08-11 18:17:35.687: [INFO] BookmarksSnapshot Startup total=0 bar=0 other=0 mobile=0 showBar=0 showBarNTP=1
2026-08-11 18:17:42.847: [INFO] BookmarksSnapshot Shutdown total=0 bar=0 other=0 mobile=0 showBar=0 showBarNTP=1
2026-08-11 18:17:48.581: [INFO] CurrentProfilePath: C:\Users\seif9\source\repos\Ruby Exec 1\Ruby Exec 1\bin\x64\Debug\net10.0-windows\Ruby Exec 1.exe.WebView2\EBWebView\Default
2026-08-11 18:17:48.581: [INFO] Profiles total count: 1
2026-08-11 18:17:48.581: [INFO] Profile: name=Profil 1 path=C:\Users\seif9\source\repos\Ruby Exec 1\Ruby Exec 1\bin\x64\Debug\net10.0-windows\Ruby Exec 1.exe.WebView2\EBWebView\Default lastActive=2026-08-11T18:17:16.843Z
2026-08-11 18:17:48.581: [INFO] LastUsedProfileDir: C:\Users\seif9\source\repos\Ruby Exec 1\Ruby Exec 1\bin\x64\Debug\net10.0-windows\Ruby Exec 1.exe.WebView2\EBWebView\Default
2026-08-11 18:17:48.581: [INFO] MostRecentlyActiveProfile: name=Profil 1 path=C:\Users\seif9\source\repos\Ruby Exec 1\Ruby Exec 1\bin\x64\Debug\net10.0-windows\Ruby Exec 1.exe.WebView2\EBWebView\Default lastActive=2026-08-11T18:17:16.843Z
2026-08-11 18:17:48.581: [INFO] OnDoneLoading sync enabled: 0
2026-08-11 18:17:48.581: [INFO] BookmarkModelLoaded, ids_reassigned: 0
2026-08-11 18:17:48.581: [INFO] BookmarksLoadDropped droppedNodes=0
2026-08-11 18:17:48.581: [INFO] BookmarksSnapshot Startup total=0 bar=0 other=0 mobile=0 showBar=0 showBarNTP=1
2026-08-11 18:17:56.166: [INFO] BookmarksSnapshot Shutdown total=0 bar=0 other=0 mobile=0 showBar=0 showBarNTP=1
2026-08-11 18:19:06.113: [INFO] CurrentProfilePath: C:\Users\seif9\source\repos\Ruby Exec 1\Ruby Exec 1\bin\x64\Debug\net10.0-windows\Ruby Exec 1.exe.WebView2\EBWebView\Default
2026-08-11 18:19:06.113: [INFO] Profiles total count: 1
2026-08-11 18:19:06.113: [INFO] Profile: name=Profil 1 path=C:\Users\seif9\source\repos\Ruby Exec 1\Ruby Exec 1\bin\x64\Debug\net10.0-windows\Ruby Exec 1.exe.WebView2\EBWebView\Default lastActive=2026-08-11T18:17:16.843Z
2026-08-11 18:19:06.113: [INFO] LastUsedProfileDir: C:\Users\seif9\source\repos\Ruby Exec 1\Ruby Exec 1\bin\x64\Debug\net10.0-windows\Ruby Exec 1.exe.WebView2\EBWebView\Default
2026-08-11 18:19:06.113: [INFO] MostRecentlyActiveProfile: name=Profil 1 path=C:\Users\seif9\source\repos\Ruby Exec 1\Ruby Exec 1\bin\x64\Debug\net10.0-windows\Ruby Exec 1.exe.WebView2\EBWebView\Default lastActive=2026-08-11T18:17:16.843Z
2026-08-11 18:19:06.113: [INFO] OnDoneLoading sync enabled: 0
2026-08-11 18:19:06.113: [INFO] BookmarkModelLoaded, ids_reassigned: 0
2026-08-11 18:19:06.113: [INFO] BookmarksLoadDropped droppedNodes=0
2026-08-11 18:19:06.113: [INFO] BookmarksSnapshot Startup total=0 bar=0 other=0 mobile=0 showBar=0 showBarNTP=1
2026-08-11 18:19:15.031: [INFO] BookmarksSnapshot Shutdown total=0 bar=0 other=0 mobile=0 showBar=0 showBarNTP=1
2026-08-11 18:19:22.142: [INFO] CurrentProfilePath: C:\Users\seif9\source\repos\Ruby Exec 1\Ruby Exec 1\bin\x64\Debug\net10.0-windows\Ruby Exec 1.exe.WebView2\EBWebView\Default
2026-08-11 18:19:22.142: [INFO] Profiles total count: 1
2026-08-11 18:19:22.142: [INFO] Profile: name=Profil 1 path=C:\Users\seif9\source\repos\Ruby Exec 1\Ruby Exec 1\bin\x64\Debug\net10.0-windows\Ruby Exec 1.exe.WebView2\EBWebView\Default lastActive=2026-08-11T18:19:10.208Z
2026-08-11 18:19:22.142: [INFO] LastUsedProfileDir: C:\Users\seif9\source\repos\Ruby Exec 1\Ruby Exec 1\bin\x64\Debug\net10.0-windows\Ruby Exec 1.exe.WebView2\EBWebView\Default
2026-08-11 18:19:22.142: [INFO] MostRecentlyActiveProfile: name=Profil 1 path=C:\Users\seif9\source\repos\Ruby Exec 1\Ruby Exec 1\bin\x64\Debug\net10.0-windows\Ruby Exec 1.exe.WebView2\EBWebView\Default lastActive=2026-08-11T18:19:10.208Z
2026-08-11 18:19:22.142: [INFO] OnDoneLoading sync enabled: 0
2026-08-11 18:19:22.142: [INFO] BookmarkModelLoaded, ids_reassigned: 0
2026-08-11 18:19:22.142: [INFO] BookmarksLoadDropped droppedNodes=0
2026-08-11 18:19:22.142: [INFO] BookmarksSnapshot Startup total=0 bar=0 other=0 mobile=0 showBar=0 showBarNTP=1
2026-08-11 18:19:56.192: [INFO] BookmarksSnapshot Shutdown total=0 bar=0 other=0 mobile=0 showBar=0 showBarNTP=1
2026-08-11 18:19:59.985: [INFO] CurrentProfilePath: C:\Users\seif9\source\repos\Ruby Exec 1\Ruby Exec 1\bin\x64\Debug\net10.0-windows\Ruby Exec 1.exe.WebView2\EBWebView\Default
2026-08-11 18:19:59.985: [INFO] Profiles total count: 1
2026-08-11 18:19:59.986: [INFO] Profile: name=Profil 1 path=C:\Users\seif9\source\repos\Ruby Exec 1\Ruby Exec 1\bin\x64\Debug\net10.0-windows\Ruby Exec 1.exe.WebView2\EBWebView\Default lastActive=2026-08-11T18:19:44.918Z
2026-08-11 18:19:59.986: [INFO] LastUsedProfileDir: C:\Users\seif9\source\repos\Ruby Exec 1\Ruby Exec 1\bin\x64\Debug\net10.0-windows\Ruby Exec 1.exe.WebView2\EBWebView\Default
2026-08-11 18:19:59.986: [INFO] MostRecentlyActiveProfile: name=Profil 1 path=C:\Users\seif9\source\repos\Ruby Exec 1\Ruby Exec 1\bin\x64\Debug\net10.0-windows\Ruby Exec 1.exe.WebView2\EBWebView\Default lastActive=2026-08-11T18:19:44.918Z
2026-08-11 18:19:59.986: [INFO] OnDoneLoading sync enabled: 0
2026-08-11 18:19:59.986: [INFO] BookmarkModelLoaded, ids_reassigned: 0
2026-08-11 18:19:59.986: [INFO] BookmarksLoadDropped droppedNodes=0
2026-08-11 18:19:59.986: [INFO] BookmarksSnapshot Startup total=0 bar=0 other=0 mobile=0 showBar=0 showBarNTP=1
2026-08-11 18:21:54.672: [INFO] BookmarksSnapshot Shutdown total=0 bar=0 other=0 mobile=0 showBar=0 showBarNTP=1
2026-08-11 18:23:05.418: [INFO] CurrentProfilePath: C:\Users\seif9\source\repos\Ruby Exec 1\Ruby Exec 1\bin\x64\Debug\net10.0-windows\Ruby Exec 1.exe.WebView2\EBWebView\Default
2026-08-11 18:23:05.418: [INFO] Profiles total count: 1
2026-08-11 18:23:05.419: [INFO] Profile: name=Profil 1 path=C:\Users\seif9\source\repos\Ruby Exec 1\Ruby Exec 1\bin\x64\Debug\net10.0-windows\Ruby Exec 1.exe.WebView2\EBWebView\Default lastActive=2026-08-11T18:21:35.692Z
2026-08-11 18:23:05.419: [INFO] LastUsedProfileDir: C:\Users\seif9\source\repos\Ruby Exec 1\Ruby Exec 1\bin\x64\Debug\net10.0-windows\Ruby Exec 1.exe.WebView2\EBWebView\Default
2026-08-11 18:23:05.419: [INFO] MostRecentlyActiveProfile: name=Profil 1 path=C:\Users\seif9\source\repos\Ruby Exec 1\Ruby Exec 1\bin\x64\Debug\net10.0-windows\Ruby Exec 1.exe.WebView2\EBWebView\Default lastActive=2026-08-11T18:21:35.692Z
2026-08-11 18:23:05.419: [INFO] OnDoneLoading sync enabled: 0
2026-08-11 18:23:05.419: [INFO] BookmarkModelLoaded, ids_reassigned: 0
2026-08-11 18:23:05.419: [INFO] BookmarksLoadDropped droppedNodes=0
2026-08-11 18:23:05.419: [INFO] BookmarksSnapshot Startup total=0 bar=0 other=0 mobile=0 showBar=0 showBarNTP=1
2026-08-11 18:23:17.737: [INFO] BookmarksSnapshot Shutdown total=0 bar=0 other=0 mobile=0 showBar=0 showBarNTP=1
2026-08-11 18:23:24.026: [INFO] CurrentProfilePath: C:\Users\seif9\source\repos\Ruby Exec 1\Ruby Exec 1\bin\x64\Debug\net10.0-windows\Ruby Exec 1.exe.WebView2\EBWebView\Default
2026-08-11 18:23:24.026: [INFO] Profiles total count: 1
2026-08-11 18:23:24.027: [INFO] Profile: name=Profil 1 path=C:\Users\seif9\source\repos\Ruby Exec 1\Ruby Exec 1\bin\x64\Debug\net10.0-windows\Ruby Exec 1.exe.WebView2\EBWebView\Default lastActive=2026-08-11T18:21:35.692Z
2026-08-11 18:23:24.027: [INFO] LastUsedProfileDir: C:\Users\seif9\source\repos\Ruby Exec 1\Ruby Exec 1\bin\x64\Debug\net10.0-windows\Ruby Exec 1.exe.WebView2\EBWebView\Default
2026-08-11 18:23:24.027: [INFO] MostRecentlyActiveProfile: name=Profil 1 path=C:\Users\seif9\source\repos\Ruby Exec 1\Ruby Exec 1\bin\x64\Debug\net10.0-windows\Ruby Exec 1.exe.WebView2\EBWebView\Default lastActive=2026-08-11T18:21:35.692Z
2026-08-11 18:23:24.027: [INFO] OnDoneLoading sync enabled: 0
2026-08-11 18:23:24.027: [INFO] BookmarkModelLoaded, ids_reassigned: 0
2026-08-11 18:23:24.027: [INFO] BookmarksLoadDropped droppedNodes=0
2026-08-11 18:23:24.027: [INFO] BookmarksSnapshot Startup total=0 bar=0 other=0 mobile=0 showBar=0 showBarNTP=1
2026-08-11 18:25:59.451: [INFO] BookmarksSnapshot Shutdown total=0 bar=0 other=0 mobile=0 showBar=0 showBarNTP=1
2026-08-11 18:26:16.750: [INFO] CurrentProfilePath: C:\Users\seif9\source\repos\Ruby Exec 1\Ruby Exec 1\bin\x64\Debug\net10.0-windows\Ruby Exec 1.exe.WebView2\EBWebView\Default
2026-08-11 18:26:16.750: [INFO] Profiles total count: 1
2026-08-11 18:26:16.750: [INFO] Profile: name=Profil 1 path=C:\Users\seif9\source\repos\Ruby Exec 1\Ruby Exec 1\bin\x64\Debug\net10.0-windows\Ruby Exec 1.exe.WebView2\EBWebView\Default lastActive=2026-08-11T18:21:35.692Z
2026-08-11 18:26:16.750: [INFO] LastUsedProfileDir: C:\Users\seif9\source\repos\Ruby Exec 1\Ruby Exec 1\bin\x64\Debug\net10.0-windows\Ruby Exec 1.exe.WebView2\EBWebView\Default
2026-08-11 18:26:16.750: [INFO] MostRecentlyActiveProfile: name=Profil 1 path=C:\Users\seif9\source\repos\Ruby Exec 1\Ruby Exec 1\bin\x64\Debug\net10.0-windows\Ruby Exec 1.exe.WebView2\EBWebView\Default lastActive=2026-08-11T18:21:35.692Z
2026-08-11 18:26:16.750: [INFO] OnDoneLoading sync enabled: 0
2026-08-11 18:26:16.750: [INFO] BookmarkModelLoaded, ids_reassigned: 0
2026-08-11 18:26:16.750: [INFO] BookmarksLoadDropped droppedNodes=0
2026-08-11 18:26:16.750: [INFO] BookmarksSnapshot Startup total=0 bar=0 other=0 mobile=0 showBar=0 showBarNTP=1
2026-08-11 18:27:11.824: [INFO] BookmarksSnapshot Shutdown total=0 bar=0 other=0 mobile=0 showBar=0 showBarNTP=1
2026-08-11 18:28:14.909: [INFO] CurrentProfilePath: C:\Users\seif9\source\repos\Ruby Exec 1\Ruby Exec 1\bin\x64\Debug\net10.0-windows\Ruby Exec 1.exe.WebView2\EBWebView\Default
2026-08-11 18:28:14.909: [INFO] Profiles total count: 1
2026-08-11 18:28:14.910: [INFO] Profile: name=Profil 1 path=C:\Users\seif9\source\repos\Ruby Exec 1\Ruby Exec 1\bin\x64\Debug\net10.0-windows\Ruby Exec 1.exe.WebView2\EBWebView\Default lastActive=2026-08-11T18:26:45.891Z
2026-08-11 18:28:14.910: [INFO] LastUsedProfileDir: C:\Users\seif9\source\repos\Ruby Exec 1\Ruby Exec 1\bin\x64\Debug\net10.0-windows\Ruby Exec 1.exe.WebView2\EBWebView\Default
2026-08-11 18:28:14.910: [INFO] MostRecentlyActiveProfile: name=Profil 1 path=C:\Users\seif9\source\repos\Ruby Exec 1\Ruby Exec 1\bin\x64\Debug\net10.0-windows\Ruby Exec 1.exe.WebView2\EBWebView\Default lastActive=2026-08-11T18:26:45.891Z
2026-08-11 18:28:14.910: [INFO] OnDoneLoading sync enabled: 0
2026-08-11 18:28:14.910: [INFO] BookmarkModelLoaded, ids_reassigned: 0
2026-08-11 18:28:14.910: [INFO] BookmarksLoadDropped droppedNodes=0
2026-08-11 18:28:14.910: [INFO] BookmarksSnapshot Startup total=0 bar=0 other=0 mobile=0 showBar=0 showBarNTP=1
2026-08-11 18:29:24.013: [INFO] BookmarksSnapshot Shutdown total=0 bar=0 other=0 mobile=0 showBar=0 showBarNTP=1
2026-08-11 18:31:56.781: [INFO] CurrentProfilePath: C:\Users\seif9\source\repos\Ruby Exec 1\Ruby Exec 1\bin\x64\Debug\net10.0-windows\Ruby Exec 1.exe.WebView2\EBWebView\Default
2026-08-11 18:31:56.781: [INFO] Profiles total count: 1
2026-08-11 18:31:56.782: [INFO] Profile: name=Profil 1 path=C:\Users\seif9\source\repos\Ruby Exec 1\Ruby Exec 1\bin\x64\Debug\net10.0-windows\Ruby Exec 1.exe.WebView2\EBWebView\Default lastActive=2026-08-11T18:28:42.421Z
2026-08-11 18:31:56.782: [INFO] LastUsedProfileDir: C:\Users\seif9\source\repos\Ruby Exec 1\Ruby Exec 1\bin\x64\Debug\net10.0-windows\Ruby Exec 1.exe.WebView2\EBWebView\Default
2026-08-11 18:31:56.782: [INFO] MostRecentlyActiveProfile: name=Profil 1 path=C:\Users\seif9\source\repos\Ruby Exec 1\Ruby Exec 1\bin\x64\Debug\net10.0-windows\Ruby Exec 1.exe.WebView2\EBWebView\Default lastActive=2026-08-11T18:28:42.421Z
2026-08-11 18:31:56.782: [INFO] OnDoneLoading sync enabled: 0
2026-08-11 18:31:56.782: [INFO] BookmarkModelLoaded, ids_reassigned: 0
2026-08-11 18:31:56.782: [INFO] BookmarksLoadDropped droppedNodes=0
2026-08-11 18:31:56.782: [INFO] BookmarksSnapshot Startup total=0 bar=0 other=0 mobile=0 showBar=0 showBarNTP=1
2026-08-11 18:35:44.110: [INFO] BookmarksSnapshot Shutdown total=0 bar=0 other=0 mobile=0 showBar=0 showBarNTP=1
2026-08-11 18:36:16.932: [INFO] CurrentProfilePath: C:\Users\seif9\source\repos\Ruby Exec 1\Ruby Exec 1\bin\x64\Debug\net10.0-windows\Ruby Exec 1.exe.WebView2\EBWebView\Default
2026-08-11 18:36:16.932: [INFO] Profiles total count: 1
2026-08-11 18:36:16.932: [INFO] Profile: name=Profil 1 path=C:\Users\seif9\source\repos\Ruby Exec 1\Ruby Exec 1\bin\x64\Debug\net10.0-windows\Ruby Exec 1.exe.WebView2\EBWebView\Default lastActive=2026-08-11T18:32:26.134Z
2026-08-11 18:36:16.932: [INFO] LastUsedProfileDir: C:\Users\seif9\source\repos\Ruby Exec 1\Ruby Exec 1\bin\x64\Debug\net10.0-windows\Ruby Exec 1.exe.WebView2\EBWebView\Default
2026-08-11 18:36:16.932: [INFO] MostRecentlyActiveProfile: name=Profil 1 path=C:\Users\seif9\source\repos\Ruby Exec 1\Ruby Exec 1\bin\x64\Debug\net10.0-windows\Ruby Exec 1.exe.WebView2\EBWebView\Default lastActive=2026-08-11T18:32:26.134Z
2026-08-11 18:36:16.932: [INFO] OnDoneLoading sync enabled: 0
2026-08-11 18:36:16.932: [INFO] BookmarkModelLoaded, ids_reassigned: 0
2026-08-11 18:36:16.932: [INFO] BookmarksLoadDropped droppedNodes=0
2026-08-11 18:36:16.932: [INFO] BookmarksSnapshot Startup total=0 bar=0 other=0 mobile=0 showBar=0 showBarNTP=1
2026-08-11 18:41:41.924: [INFO] BookmarksSnapshot Shutdown total=0 bar=0 other=0 mobile=0 showBar=0 showBarNTP=1
2026-08-11 18:47:57.495: [INFO] CurrentProfilePath: C:\Users\seif9\source\repos\Ruby Exec 1\Ruby Exec 1\bin\x64\Debug\net10.0-windows\Ruby Exec 1.exe.WebView2\EBWebView\Default
2026-08-11 18:47:57.495: [INFO] Profiles total count: 1
2026-08-11 18:47:57.495: [INFO] Profile: name=Profil 1 path=C:\Users\seif9\source\repos\Ruby Exec 1\Ruby Exec 1\bin\x64\Debug\net10.0-windows\Ruby Exec 1.exe.WebView2\EBWebView\Default lastActive=2026-08-11T18:32:26.134Z
2026-08-11 18:47:57.495: [INFO] LastUsedProfileDir: C:\Users\seif9\source\repos\Ruby Exec 1\Ruby Exec 1\bin\x64\Debug\net10.0-windows\Ruby Exec 1.exe.WebView2\EBWebView\Default
2026-08-11 18:47:57.495: [INFO] MostRecentlyActiveProfile: name=Profil 1 path=C:\Users\seif9\source\repos\Ruby Exec 1\Ruby Exec 1\bin\x64\Debug\net10.0-windows\Ruby Exec 1.exe.WebView2\EBWebView\Default lastActive=2026-08-11T18:32:26.134Z
2026-08-11 18:47:57.495: [INFO] OnDoneLoading sync enabled: 0
2026-08-11 18:47:57.495: [INFO] BookmarkModelLoaded, ids_reassigned: 0
2026-08-11 18:47:57.495: [INFO] BookmarksLoadDropped droppedNodes=0
2026-08-11 18:47:57.495: [INFO] BookmarksSnapshot Startup total=0 bar=0 other=0 mobile=0 showBar=0 showBarNTP=1
2026-08-11 18:52:29.654: [INFO] BookmarksSnapshot Shutdown total=0 bar=0 other=0 mobile=0 showBar=0 showBarNTP=1
2026-08-11 18:52:33.220: [INFO] CurrentProfilePath: C:\Users\seif9\source\repos\Ruby Exec 1\Ruby Exec 1\bin\x64\Debug\net10.0-windows\Ruby Exec 1.exe.WebView2\EBWebView\Default
2026-08-11 18:52:33.220: [INFO] Profiles total count: 1
2026-08-11 18:52:33.220: [INFO] Profile: name=Profil 1 path=C:\Users\seif9\source\repos\Ruby Exec 1\Ruby Exec 1\bin\x64\Debug\net10.0-windows\Ruby Exec 1.exe.WebView2\EBWebView\Default lastActive=2026-08-11T18:32:26.134Z
2026-08-11 18:52:33.220: [INFO] LastUsedProfileDir: C:\Users\seif9\source\repos\Ruby Exec 1\Ruby Exec 1\bin\x64\Debug\net10.0-windows\Ruby Exec 1.exe.WebView2\EBWebView\Default
2026-08-11 18:52:33.220: [INFO] MostRecentlyActiveProfile: name=Profil 1 path=C:\Users\seif9\source\repos\Ruby Exec 1\Ruby Exec 1\bin\x64\Debug\net10.0-windows\Ruby Exec 1.exe.WebView2\EBWebView\Default lastActive=2026-08-11T18:32:26.134Z
2026-08-11 18:52:33.220: [INFO] OnDoneLoading sync enabled: 0
2026-08-11 18:52:33.220: [INFO] BookmarkModelLoaded, ids_reassigned: 0
2026-08-11 18:52:33.220: [INFO] BookmarksLoadDropped droppedNodes=0
2026-08-11 18:52:33.220: [INFO] BookmarksSnapshot Startup total=0 bar=0 other=0 mobile=0 showBar=0 showBarNTP=1
2026-08-11 18:56:15.964: [INFO] BookmarksSnapshot Shutdown total=0 bar=0 other=0 mobile=0 showBar=0 showBarNTP=1
2026-08-11 18:56:19.321: [INFO] CurrentProfilePath: C:\Users\seif9\source\repos\Ruby Exec 1\Ruby Exec 1\bin\x64\Debug\net10.0-windows\Ruby Exec 1.exe.WebView2\EBWebView\Default
2026-08-11 18:56:19.321: [INFO] Profiles total count: 1
2026-08-11 18:56:19.321: [INFO] Profile: name=Profil 1 path=C:\Users\seif9\source\repos\Ruby Exec 1\Ruby Exec 1\bin\x64\Debug\net10.0-windows\Ruby Exec 1.exe.WebView2\EBWebView\Default lastActive=2026-08-11T18:53:01.842Z
2026-08-11 18:56:19.321: [INFO] LastUsedProfileDir: C:\Users\seif9\source\repos\Ruby Exec 1\Ruby Exec 1\bin\x64\Debug\net10.0-windows\Ruby Exec 1.exe.WebView2\EBWebView\Default
2026-08-11 18:56:19.321: [INFO] MostRecentlyActiveProfile: name=Profil 1 path=C:\Users\seif9\source\repos\Ruby Exec 1\Ruby Exec 1\bin\x64\Debug\net10.0-windows\Ruby Exec 1.exe.WebView2\EBWebView\Default lastActive=2026-08-11T18:53:01.842Z
2026-08-11 18:56:19.321: [INFO] OnDoneLoading sync enabled: 0
2026-08-11 18:56:19.321: [INFO] BookmarkModelLoaded, ids_reassigned: 0
2026-08-11 18:56:19.321: [INFO] BookmarksLoadDropped droppedNodes=0
2026-08-11 18:56:19.321: [INFO] BookmarksSnapshot Startup total=0 bar=0 other=0 mobile=0 showBar=0 showBarNTP=1
2026-08-11 19:01:53.699: [INFO] BookmarksSnapshot Shutdown total=0 bar=0 other=0 mobile=0 showBar=0 showBarNTP=1
2026-08-11 19:09:41.273: [INFO] CurrentProfilePath: C:\Users\seif9\source\repos\Ruby Exec 1\Ruby Exec 1\bin\x64\Debug\net10.0-windows\Ruby Exec 1.exe.WebView2\EBWebView\Default
2026-08-11 19:09:41.273: [INFO] Profiles total count: 1
2026-08-11 19:09:41.274: [INFO] Profile: name=Profil 1 path=C:\Users\seif9\source\repos\Ruby Exec 1\Ruby Exec 1\bin\x64\Debug\net10.0-windows\Ruby Exec 1.exe.WebView2\EBWebView\Default lastActive=2026-08-11T18:53:01.842Z
2026-08-11 19:09:41.274: [INFO] LastUsedProfileDir: C:\Users\seif9\source\repos\Ruby Exec 1\Ruby Exec 1\bin\x64\Debug\net10.0-windows\Ruby Exec 1.exe.WebView2\EBWebView\Default
2026-08-11 19:09:41.274: [INFO] MostRecentlyActiveProfile: name=Profil 1 path=C:\Users\seif9\source\repos\Ruby Exec 1\Ruby Exec 1\bin\x64\Debug\net10.0-windows\Ruby Exec 1.exe.WebView2\EBWebView\Default lastActive=2026-08-11T18:53:01.842Z
2026-08-11 19:09:41.274: [INFO] OnDoneLoading sync enabled: 0
2026-08-11 19:09:41.274: [INFO] BookmarkModelLoaded, ids_reassigned: 0
2026-08-11 19:09:41.274: [INFO] BookmarksLoadDropped droppedNodes=0
2026-08-11 19:09:41.274: [INFO] BookmarksSnapshot Startup total=0 bar=0 other=0 mobile=0 showBar=0 showBarNTP=1
2026-08-11 19:12:56.752: [INFO] BookmarksSnapshot Shutdown total=0 bar=0 other=0 mobile=0 showBar=0 showBarNTP=1
2026-08-11 19:18:22.605: [INFO] CurrentProfilePath: C:\Users\seif9\source\repos\Ruby Exec 1\Ruby Exec 1\bin\x64\Debug\net10.0-windows\Ruby Exec 1.exe.WebView2\EBWebView\Default
2026-08-11 19:18:22.605: [INFO] Profiles total count: 1
2026-08-11 19:18:22.605: [INFO] Profile: name=Profil 1 path=C:\Users\seif9\source\repos\Ruby Exec 1\Ruby Exec 1\bin\x64\Debug\net10.0-windows\Ruby Exec 1.exe.WebView2\EBWebView\Default lastActive=2026-08-11T18:53:01.842Z
2026-08-11 19:18:22.605: [INFO] LastUsedProfileDir: C:\Users\seif9\source\repos\Ruby Exec 1\Ruby Exec 1\bin\x64\Debug\net10.0-windows\Ruby Exec 1.exe.WebView2\EBWebView\Default
2026-08-11 19:18:22.605: [INFO] MostRecentlyActiveProfile: name=Profil 1 path=C:\Users\seif9\source\repos\Ruby Exec 1\Ruby Exec 1\bin\x64\Debug\net10.0-windows\Ruby Exec 1.exe.WebView2\EBWebView\Default lastActive=2026-08-11T18:53:01.842Z
2026-08-11 19:18:22.605: [INFO] OnDoneLoading sync enabled: 0
2026-08-11 19:18:22.605: [INFO] BookmarkModelLoaded, ids_reassigned: 0
2026-08-11 19:18:22.605: [INFO] BookmarksLoadDropped droppedNodes=0
2026-08-11 19:18:22.605: [INFO] BookmarksSnapshot Startup total=0 bar=0 other=0 mobile=0 showBar=0 showBarNTP=1
2026-08-11 19:28:01.228: [INFO] BookmarksSnapshot Shutdown total=0 bar=0 other=0 mobile=0 showBar=0 showBarNTP=1
2026-08-11 20:15:38.848: [INFO] CurrentProfilePath: C:\Users\seif9\source\repos\Ruby Exec 1\Ruby Exec 1\bin\x64\Debug\net10.0-windows\Ruby Exec 1.exe.WebView2\EBWebView\Default
2026-08-11 20:15:38.848: [INFO] Profiles total count: 1
2026-08-11 20:15:38.848: [INFO] Profile: name=Profil 1 path=C:\Users\seif9\source\repos\Ruby Exec 1\Ruby Exec 1\bin\x64\Debug\net10.0-windows\Ruby Exec 1.exe.WebView2\EBWebView\Default lastActive=2026-08-11T20:14:19.091Z
2026-08-11 20:15:38.848: [INFO] LastUsedProfileDir: C:\Users\seif9\source\repos\Ruby Exec 1\Ruby Exec 1\bin\x64\Debug\net10.0-windows\Ruby Exec 1.exe.WebView2\EBWebView\Default
2026-08-11 20:15:38.848: [INFO] MostRecentlyActiveProfile: name=Profil 1 path=C:\Users\seif9\source\repos\Ruby Exec 1\Ruby Exec 1\bin\x64\Debug\net10.0-windows\Ruby Exec 1.exe.WebView2\EBWebView\Default lastActive=2026-08-11T20:14:19.091Z
2026-08-11 20:15:38.848: [INFO] OnDoneLoading sync enabled: 0
2026-08-11 20:15:38.848: [INFO] BookmarkModelLoaded, ids_reassigned: 0
2026-08-11 20:15:38.848: [INFO] BookmarksLoadDropped droppedNodes=0
2026-08-11 20:15:38.848: [INFO] BookmarksSnapshot Startup total=0 bar=0 other=0 mobile=0 showBar=0 showBarNTP=1
2026-08-11 20:16:40.253: [INFO] BookmarksSnapshot Shutdown total=0 bar=0 other=0 mobile=0 showBar=0 showBarNTP=1
2026-08-11 20:17:41.665: [INFO] CurrentProfilePath: C:\Users\seif9\source\repos\Ruby Exec 1\Ruby Exec 1\bin\x64\Debug\net10.0-windows\Ruby Exec 1.exe.WebView2\EBWebView\Default
2026-08-11 20:17:41.665: [INFO] Profiles total count: 1
2026-08-11 20:17:41.666: [INFO] Profile: name=Profil 1 path=C:\Users\seif9\source\repos\Ruby Exec 1\Ruby Exec 1\bin\x64\Debug\net10.0-windows\Ruby Exec 1.exe.WebView2\EBWebView\Default lastActive=2026-08-11T20:14:19.091Z
2026-08-11 20:17:41.666: [INFO] LastUsedProfileDir: C:\Users\seif9\source\repos\Ruby Exec 1\Ruby Exec 1\bin\x64\Debug\net10.0-windows\Ruby Exec 1.exe.WebView2\EBWebView\Default
2026-08-11 20:17:41.666: [INFO] MostRecentlyActiveProfile: name=Profil 1 path=C:\Users\seif9\source\repos\Ruby Exec 1\Ruby Exec 1\bin\x64\Debug\net10.0-windows\Ruby Exec 1.exe.WebView2\EBWebView\Default lastActive=2026-08-11T20:14:19.091Z
2026-08-11 20:17:41.666: [INFO] OnDoneLoading sync enabled: 0
2026-08-11 20:17:41.666: [INFO] BookmarkModelLoaded, ids_reassigned: 0
2026-08-11 20:17:41.666: [INFO] BookmarksLoadDropped droppedNodes=0
2026-08-11 20:17:41.666: [INFO] BookmarksSnapshot Startup total=0 bar=0 other=0 mobile=0 showBar=0 showBarNTP=1
2026-08-11 20:17:55.997: [INFO] BookmarksSnapshot Shutdown total=0 bar=0 other=0 mobile=0 showBar=0 showBarNTP=1
2026-08-11 20:21:15.820: [INFO] CurrentProfilePath: C:\Users\seif9\source\repos\Ruby Exec 1\Ruby Exec 1\bin\x64\Debug\net10.0-windows\Ruby Exec 1.exe.WebView2\EBWebView\Default
2026-08-11 20:21:15.820: [INFO] Profiles total count: 1
2026-08-11 20:21:15.822: [INFO] Profile: name=Profil 1 path=C:\Users\seif9\source\repos\Ruby Exec 1\Ruby Exec 1\bin\x64\Debug\net10.0-windows\Ruby Exec 1.exe.WebView2\EBWebView\Default lastActive=2026-08-11T20:17:45.417Z
2026-08-11 20:21:15.822: [INFO] LastUsedProfileDir: C:\Users\seif9\source\repos\Ruby Exec 1\Ruby Exec 1\bin\x64\Debug\net10.0-windows\Ruby Exec 1.exe.WebView2\EBWebView\Default
2026-08-11 20:21:15.822: [INFO] MostRecentlyActiveProfile: name=Profil 1 path=C:\Users\seif9\source\repos\Ruby Exec 1\Ruby Exec 1\bin\x64\Debug\net10.0-windows\Ruby Exec 1.exe.WebView2\EBWebView\Default lastActive=2026-08-11T20:17:45.417Z
2026-08-11 20:21:15.822: [INFO] OnDoneLoading sync enabled: 0
2026-08-11 20:21:15.822: [INFO] BookmarkModelLoaded, ids_reassigned: 0
2026-08-11 20:21:15.822: [INFO] BookmarksLoadDropped droppedNodes=0
2026-08-11 20:21:15.822: [INFO] BookmarksSnapshot Startup total=0 bar=0 other=0 mobile=0 showBar=0 showBarNTP=1
2026-08-11 20:31:22.360: [INFO] BookmarksSnapshot Shutdown total=0 bar=0 other=0 mobile=0 showBar=0 showBarNTP=1
2026-08-11 20:31:29.479: [INFO] CurrentProfilePath: C:\Users\seif9\source\repos\Ruby Exec 1\Ruby Exec 1\bin\x64\Debug\net10.0-windows\Ruby Exec 1.exe.WebView2\EBWebView\Default
2026-08-11 20:31:29.479: [INFO] Profiles total count: 1
2026-08-11 20:31:29.480: [INFO] Profile: name=Profil 1 path=C:\Users\seif9\source\repos\Ruby Exec 1\Ruby Exec 1\bin\x64\Debug\net10.0-windows\Ruby Exec 1.exe.WebView2\EBWebView\Default lastActive=2026-08-11T20:17:45.417Z
2026-08-11 20:31:29.480: [INFO] LastUsedProfileDir: C:\Users\seif9\source\repos\Ruby Exec 1\Ruby Exec 1\bin\x64\Debug\net10.0-windows\Ruby Exec 1.exe.WebView2\EBWebView\Default
2026-08-11 20:31:29.480: [INFO] MostRecentlyActiveProfile: name=Profil 1 path=C:\Users\seif9\source\repos\Ruby Exec 1\Ruby Exec 1\bin\x64\Debug\net10.0-windows\Ruby Exec 1.exe.WebView2\EBWebView\Default lastActive=2026-08-11T20:17:45.417Z
2026-08-11 20:31:29.480: [INFO] OnDoneLoading sync enabled: 0
2026-08-11 20:31:29.480: [INFO] BookmarkModelLoaded, ids_reassigned: 0
2026-08-11 20:31:29.480: [INFO] BookmarksLoadDropped droppedNodes=0
2026-08-11 20:31:29.480: [INFO] BookmarksSnapshot Startup total=0 bar=0 other=0 mobile=0 showBar=0 showBarNTP=1
2026-08-11 20:31:55.069: [INFO] BookmarksSnapshot Shutdown total=0 bar=0 other=0 mobile=0 showBar=0 showBarNTP=1
2026-08-11 20:37:58.987: [INFO] CurrentProfilePath: C:\Users\seif9\source\repos\Ruby Exec 1\Ruby Exec 1\bin\x64\Debug\net10.0-windows\Ruby Exec 1.exe.WebView2\EBWebView\Default
2026-08-11 20:37:58.987: [INFO] Profiles total count: 1
2026-08-11 20:37:58.990: [INFO] Profile: name=Profil 1 path=C:\Users\seif9\source\repos\Ruby Exec 1\Ruby Exec 1\bin\x64\Debug\net10.0-windows\Ruby Exec 1.exe.WebView2\EBWebView\Default lastActive=2026-08-11T20:31:36.060Z
2026-08-11 20:37:58.990: [INFO] LastUsedProfileDir: C:\Users\seif9\source\repos\Ruby Exec 1\Ruby Exec 1\bin\x64\Debug\net10.0-windows\Ruby Exec 1.exe.WebView2\EBWebView\Default
2026-08-11 20:37:58.990: [INFO] MostRecentlyActiveProfile: name=Profil 1 path=C:\Users\seif9\source\repos\Ruby Exec 1\Ruby Exec 1\bin\x64\Debug\net10.0-windows\Ruby Exec 1.exe.WebView2\EBWebView\Default lastActive=2026-08-11T20:31:36.060Z
2026-08-11 20:37:58.990: [INFO] OnDoneLoading sync enabled: 0
2026-08-11 20:37:58.990: [INFO] BookmarkModelLoaded, ids_reassigned: 0
2026-08-11 20:37:58.990: [INFO] BookmarksLoadDropped droppedNodes=0
2026-08-11 20:37:58.990: [INFO] BookmarksSnapshot Startup total=0 bar=0 other=0 mobile=0 showBar=0 showBarNTP=1
2026-08-11 20:42:53.222: [INFO] BookmarksSnapshot Shutdown total=0 bar=0 other=0 mobile=0 showBar=0 showBarNTP=1
2026-08-12 08:13:28.340: [INFO] CurrentProfilePath: C:\Users\seif9\source\repos\Ruby Exec 1\Ruby Exec 1\bin\x64\Debug\net10.0-windows\Ruby Exec 1.exe.WebView2\EBWebView\Default
2026-08-12 08:13:28.340: [INFO] Profiles total count: 1
2026-08-12 08:13:28.340: [INFO] Profile: name=Profil 1 path=C:\Users\seif9\source\repos\Ruby Exec 1\Ruby Exec 1\bin\x64\Debug\net10.0-windows\Ruby Exec 1.exe.WebView2\EBWebView\Default lastActive=2026-08-11T20:43:17.334Z
2026-08-12 08:13:28.340: [INFO] LastUsedProfileDir: C:\Users\seif9\source\repos\Ruby Exec 1\Ruby Exec 1\bin\x64\Debug\net10.0-windows\Ruby Exec 1.exe.WebView2\EBWebView\Default
2026-08-12 08:13:28.340: [INFO] MostRecentlyActiveProfile: name=Profil 1 path=C:\Users\seif9\source\repos\Ruby Exec 1\Ruby Exec 1\bin\x64\Debug\net10.0-windows\Ruby Exec 1.exe.WebView2\EBWebView\Default lastActive=2026-08-11T20:43:17.334Z
2026-08-12 08:13:28.340: [INFO] OnDoneLoading sync enabled: 0
2026-08-12 08:13:28.340: [INFO] BookmarkModelLoaded, ids_reassigned: 0
2026-08-12 08:13:28.340: [INFO] BookmarksLoadDropped droppedNodes=0
2026-08-12 08:13:28.340: [INFO] BookmarksSnapshot Startup total=0 bar=0 other=0 mobile=0 showBar=0 showBarNTP=1
2026-08-12 08:14:57.551: [INFO] BookmarksSnapshot Shutdown total=0 bar=0 other=0 mobile=0 showBar=0 showBarNTP=1
2026-08-12 08:15:00.607: [INFO] CurrentProfilePath: C:\Users\seif9\source\repos\Ruby Exec 1\Ruby Exec 1\bin\x64\Debug\net10.0-windows\Ruby Exec 1.exe.WebView2\EBWebView\Default
2026-08-12 08:15:00.607: [INFO] Profiles total count: 1
2026-08-12 08:15:00.607: [INFO] Profile: name=Profil 1 path=C:\Users\seif9\source\repos\Ruby Exec 1\Ruby Exec 1\bin\x64\Debug\net10.0-windows\Ruby Exec 1.exe.WebView2\EBWebView\Default lastActive=2026-08-12T08:13:31.159Z
2026-08-12 08:15:00.607: [INFO] LastUsedProfileDir: C:\Users\seif9\source\repos\Ruby Exec 1\Ruby Exec 1\bin\x64\Debug\net10.0-windows\Ruby Exec 1.exe.WebView2\EBWebView\Default
2026-08-12 08:15:00.607: [INFO] MostRecentlyActiveProfile: name=Profil 1 path=C:\Users\seif9\source\repos\Ruby Exec 1\Ruby Exec 1\bin\x64\Debug\net10.0-windows\Ruby Exec 1.exe.WebView2\EBWebView\Default lastActive=2026-08-12T08:13:31.159Z
2026-08-12 08:15:00.607: [INFO] OnDoneLoading sync enabled: 0
2026-08-12 08:15:00.607: [INFO] BookmarkModelLoaded, ids_reassigned: 0
2026-08-12 08:15:00.607: [INFO] BookmarksLoadDropped droppedNodes=0
2026-08-12 08:15:00.607: [INFO] BookmarksSnapshot Startup total=0 bar=0 other=0 mobile=0 showBar=0 showBarNTP=1
2026-08-12 08:37:19.810: [INFO] BookmarksSnapshot Shutdown total=0 bar=0 other=0 mobile=0 showBar=0 showBarNTP=1
2026-08-12 08:37:26.950: [INFO] CurrentProfilePath: C:\Users\seif9\source\repos\Ruby Exec 1\Ruby Exec 1\bin\x64\Debug\net10.0-windows\Ruby Exec 1.exe.WebView2\EBWebView\Default
2026-08-12 08:37:26.950: [INFO] Profiles total count: 1
2026-08-12 08:37:26.950: [INFO] Profile: name=Profil 1 path=C:\Users\seif9\source\repos\Ruby Exec 1\Ruby Exec 1\bin\x64\Debug\net10.0-windows\Ruby Exec 1.exe.WebView2\EBWebView\Default lastActive=2026-08-12T08:13:31.159Z
2026-08-12 08:37:26.950: [INFO] LastUsedProfileDir: C:\Users\seif9\source\repos\Ruby Exec 1\Ruby Exec 1\bin\x64\Debug\net10.0-windows\Ruby Exec 1.exe.WebView2\EBWebView\Default
2026-08-12 08:37:26.950: [INFO] MostRecentlyActiveProfile: name=Profil 1 path=C:\Users\seif9\source\repos\Ruby Exec 1\Ruby Exec 1\bin\x64\Debug\net10.0-windows\Ruby Exec 1.exe.WebView2\EBWebView\Default lastActive=2026-08-12T08:13:31.159Z
2026-08-12 08:37:26.950: [INFO] OnDoneLoading sync enabled: 0
2026-08-12 08:37:26.950: [INFO] BookmarkModelLoaded, ids_reassigned: 0
2026-08-12 08:37:26.950: [INFO] BookmarksLoadDropped droppedNodes=0
2026-08-12 08:37:26.950: [INFO] BookmarksSnapshot Startup total=0 bar=0 other=0 mobile=0 showBar=0 showBarNTP=1
2026-08-12 08:39:38.812: [INFO] BookmarksSnapshot Shutdown total=0 bar=0 other=0 mobile=0 showBar=0 showBarNTP=1
2026-08-12 08:42:34.214: [INFO] CurrentProfilePath: C:\Users\seif9\source\repos\Ruby Exec 1\Ruby Exec 1\bin\x64\Debug\net10.0-windows\Ruby Exec 1.exe.WebView2\EBWebView\Default
2026-08-12 08:42:34.214: [INFO] Profiles total count: 1
2026-08-12 08:42:34.214: [INFO] Profile: name=Profil 1 path=C:\Users\seif9\source\repos\Ruby Exec 1\Ruby Exec 1\bin\x64\Debug\net10.0-windows\Ruby Exec 1.exe.WebView2\EBWebView\Default lastActive=2026-08-12T08:13:31.159Z
2026-08-12 08:42:34.214: [INFO] LastUsedProfileDir: C:\Users\seif9\source\repos\Ruby Exec 1\Ruby Exec 1\bin\x64\Debug\net10.0-windows\Ruby Exec 1.exe.WebView2\EBWebView\Default
2026-08-12 08:42:34.214: [INFO] MostRecentlyActiveProfile: name=Profil 1 path=C:\Users\seif9\source\repos\Ruby Exec 1\Ruby Exec 1\bin\x64\Debug\net10.0-windows\Ruby Exec 1.exe.WebView2\EBWebView\Default lastActive=2026-08-12T08:13:31.159Z
2026-08-12 08:42:34.214: [INFO] OnDoneLoading sync enabled: 0
2026-08-12 08:42:34.214: [INFO] BookmarkModelLoaded, ids_reassigned: 0
2026-08-12 08:42:34.214: [INFO] BookmarksLoadDropped droppedNodes=0
2026-08-12 08:42:34.214: [INFO] BookmarksSnapshot Startup total=0 bar=0 other=0 mobile=0 showBar=0 showBarNTP=1
2026-08-12 08:44:03.141: [INFO] BookmarksSnapshot Shutdown total=0 bar=0 other=0 mobile=0 showBar=0 showBarNTP=1
2026-08-12 08:46:12.678: [INFO] CurrentProfilePath: C:\Users\seif9\source\repos\Ruby Exec 1\Ruby Exec 1\bin\x64\Debug\net10.0-windows\Ruby Exec 1.exe.WebView2\EBWebView\Default
2026-08-12 08:46:12.678: [INFO] Profiles total count: 1
2026-08-12 08:46:12.678: [INFO] Profile: name=Profil 1 path=C:\Users\seif9\source\repos\Ruby Exec 1\Ruby Exec 1\bin\x64\Debug\net10.0-windows\Ruby Exec 1.exe.WebView2\EBWebView\Default lastActive=2026-08-12T08:13:31.159Z
2026-08-12 08:46:12.678: [INFO] LastUsedProfileDir: C:\Users\seif9\source\repos\Ruby Exec 1\Ruby Exec 1\bin\x64\Debug\net10.0-windows\Ruby Exec 1.exe.WebView2\EBWebView\Default
2026-08-12 08:46:12.678: [INFO] MostRecentlyActiveProfile: name=Profil 1 path=C:\Users\seif9\source\repos\Ruby Exec 1\Ruby Exec 1\bin\x64\Debug\net10.0-windows\Ruby Exec 1.exe.WebView2\EBWebView\Default lastActive=2026-08-12T08:13:31.159Z
2026-08-12 08:46:12.678: [INFO] OnDoneLoading sync enabled: 0
2026-08-12 08:46:12.678: [INFO] BookmarkModelLoaded, ids_reassigned: 0
2026-08-12 08:46:12.678: [INFO] BookmarksLoadDropped droppedNodes=0
2026-08-12 08:46:12.678: [INFO] BookmarksSnapshot Startup total=0 bar=0 other=0 mobile=0 showBar=0 showBarNTP=1
2026-08-12 08:48:10.467: [INFO] BookmarksSnapshot Shutdown total=0 bar=0 other=0 mobile=0 showBar=0 showBarNTP=1
2026-08-12 08:48:12.833: [INFO] CurrentProfilePath: C:\Users\seif9\source\repos\Ruby Exec 1\Ruby Exec 1\bin\x64\Debug\net10.0-windows\Ruby Exec 1.exe.WebView2\EBWebView\Default
2026-08-12 08:48:12.833: [INFO] Profiles total count: 1
2026-08-12 08:48:12.833: [INFO] Profile: name=Profil 1 path=C:\Users\seif9\source\repos\Ruby Exec 1\Ruby Exec 1\bin\x64\Debug\net10.0-windows\Ruby Exec 1.exe.WebView2\EBWebView\Default lastActive=2026-08-12T08:13:31.159Z
2026-08-12 08:48:12.833: [INFO] LastUsedProfileDir: C:\Users\seif9\source\repos\Ruby Exec 1\Ruby Exec 1\bin\x64\Debug\net10.0-windows\Ruby Exec 1.exe.WebView2\EBWebView\Default
2026-08-12 08:48:12.833: [INFO] MostRecentlyActiveProfile: name=Profil 1 path=C:\Users\seif9\source\repos\Ruby Exec 1\Ruby Exec 1\bin\x64\Debug\net10.0-windows\Ruby Exec 1.exe.WebView2\EBWebView\Default lastActive=2026-08-12T08:13:31.159Z
2026-08-12 08:48:12.833: [INFO] OnDoneLoading sync enabled: 0
2026-08-12 08:48:12.833: [INFO] BookmarkModelLoaded, ids_reassigned: 0
2026-08-12 08:48:12.833: [INFO] BookmarksLoadDropped droppedNodes=0
2026-08-12 08:48:12.833: [INFO] BookmarksSnapshot Startup total=0 bar=0 other=0 mobile=0 showBar=0 showBarNTP=1
2026-08-12 08:50:09.084: [INFO] BookmarksSnapshot Shutdown total=0 bar=0 other=0 mobile=0 showBar=0 showBarNTP=1
2026-08-12 08:50:15.528: [INFO] CurrentProfilePath: C:\Users\seif9\source\repos\Ruby Exec 1\Ruby Exec 1\bin\x64\Debug\net10.0-windows\Ruby Exec 1.exe.WebView2\EBWebView\Default
2026-08-12 08:50:15.528: [INFO] Profiles total count: 1
2026-08-12 08:50:15.528: [INFO] Profile: name=Profil 1 path=C:\Users\seif9\source\repos\Ruby Exec 1\Ruby Exec 1\bin\x64\Debug\net10.0-windows\Ruby Exec 1.exe.WebView2\EBWebView\Default lastActive=2026-08-12T08:13:31.159Z
2026-08-12 08:50:15.528: [INFO] LastUsedProfileDir: C:\Users\seif9\source\repos\Ruby Exec 1\Ruby Exec 1\bin\x64\Debug\net10.0-windows\Ruby Exec 1.exe.WebView2\EBWebView\Default
2026-08-12 08:50:15.528: [INFO] MostRecentlyActiveProfile: name=Profil 1 path=C:\Users\seif9\source\repos\Ruby Exec 1\Ruby Exec 1\bin\x64\Debug\net10.0-windows\Ruby Exec 1.exe.WebView2\EBWebView\Default lastActive=2026-08-12T08:13:31.159Z
2026-08-12 08:50:15.528: [INFO] OnDoneLoading sync enabled: 0
2026-08-12 08:50:15.528: [INFO] BookmarkModelLoaded, ids_reassigned: 0
2026-08-12 08:50:15.528: [INFO] BookmarksLoadDropped droppedNodes=0
2026-08-12 08:50:15.528: [INFO] BookmarksSnapshot Startup total=0 bar=0 other=0 mobile=0 showBar=0 showBarNTP=1
2026-08-12 08:52:32.705: [INFO] BookmarksSnapshot Shutdown total=0 bar=0 other=0 mobile=0 showBar=0 showBarNTP=1
2026-08-12 08:52:35.685: [INFO] CurrentProfilePath: C:\Users\seif9\source\repos\Ruby Exec 1\Ruby Exec 1\bin\x64\Debug\net10.0-windows\Ruby Exec 1.exe.WebView2\EBWebView\Default
2026-08-12 08:52:35.685: [INFO] Profiles total count: 1
2026-08-12 08:52:35.685: [INFO] Profile: name=Profil 1 path=C:\Users\seif9\source\repos\Ruby Exec 1\Ruby Exec 1\bin\x64\Debug\net10.0-windows\Ruby Exec 1.exe.WebView2\EBWebView\Default lastActive=2026-08-12T08:50:20.351Z
2026-08-12 08:52:35.685: [INFO] LastUsedProfileDir: C:\Users\seif9\source\repos\Ruby Exec 1\Ruby Exec 1\bin\x64\Debug\net10.0-windows\Ruby Exec 1.exe.WebView2\EBWebView\Default
2026-08-12 08:52:35.685: [INFO] MostRecentlyActiveProfile: name=Profil 1 path=C:\Users\seif9\source\repos\Ruby Exec 1\Ruby Exec 1\bin\x64\Debug\net10.0-windows\Ruby Exec 1.exe.WebView2\EBWebView\Default lastActive=2026-08-12T08:50:20.351Z
2026-08-12 08:52:35.685: [INFO] OnDoneLoading sync enabled: 0
2026-08-12 08:52:35.685: [INFO] BookmarkModelLoaded, ids_reassigned: 0
2026-08-12 08:52:35.685: [INFO] BookmarksLoadDropped droppedNodes=0
2026-08-12 08:52:35.685: [INFO] BookmarksSnapshot Startup total=0 bar=0 other=0 mobile=0 showBar=0 showBarNTP=1
2026-08-12 08:54:19.431: [INFO] BookmarksSnapshot Shutdown total=0 bar=0 other=0 mobile=0 showBar=0 showBarNTP=1
2026-08-12 08:54:21.862: [INFO] CurrentProfilePath: C:\Users\seif9\source\repos\Ruby Exec 1\Ruby Exec 1\bin\x64\Debug\net10.0-windows\Ruby Exec 1.exe.WebView2\EBWebView\Default
2026-08-12 08:54:21.862: [INFO] Profiles total count: 1
2026-08-12 08:54:21.862: [INFO] Profile: name=Profil 1 path=C:\Users\seif9\source\repos\Ruby Exec 1\Ruby Exec 1\bin\x64\Debug\net10.0-windows\Ruby Exec 1.exe.WebView2\EBWebView\Default lastActive=2026-08-12T08:50:20.351Z
2026-08-12 08:54:21.862: [INFO] LastUsedProfileDir: C:\Users\seif9\source\repos\Ruby Exec 1\Ruby Exec 1\bin\x64\Debug\net10.0-windows\Ruby Exec 1.exe.WebView2\EBWebView\Default
2026-08-12 08:54:21.862: [INFO] MostRecentlyActiveProfile: name=Profil 1 path=C:\Users\seif9\source\repos\Ruby Exec 1\Ruby Exec 1\bin\x64\Debug\net10.0-windows\Ruby Exec 1.exe.WebView2\EBWebView\Default lastActive=2026-08-12T08:50:20.351Z
2026-08-12 08:54:21.862: [INFO] OnDoneLoading sync enabled: 0
2026-08-12 08:54:21.862: [INFO] BookmarkModelLoaded, ids_reassigned: 0
2026-08-12 08:54:21.862: [INFO] BookmarksLoadDropped droppedNodes=0
2026-08-12 08:54:21.862: [INFO] BookmarksSnapshot Startup total=0 bar=0 other=0 mobile=0 showBar=0 showBarNTP=1
2026-08-12 08:57:10.833: [INFO] BookmarksSnapshot Shutdown total=0 bar=0 other=0 mobile=0 showBar=0 showBarNTP=1
2026-08-12 08:59:37.292: [INFO] CurrentProfilePath: C:\Users\seif9\source\repos\Ruby Exec 1\Ruby Exec 1\bin\x64\Debug\net10.0-windows\Ruby Exec 1.exe.WebView2\EBWebView\Default
2026-08-12 08:59:37.292: [INFO] Profiles total count: 1
2026-08-12 08:59:37.292: [INFO] Profile: name=Profil 1 path=C:\Users\seif9\source\repos\Ruby Exec 1\Ruby Exec 1\bin\x64\Debug\net10.0-windows\Ruby Exec 1.exe.WebView2\EBWebView\Default lastActive=2026-08-12T08:50:20.351Z
2026-08-12 08:59:37.292: [INFO] LastUsedProfileDir: C:\Users\seif9\source\repos\Ruby Exec 1\Ruby Exec 1\bin\x64\Debug\net10.0-windows\Ruby Exec 1.exe.WebView2\EBWebView\Default
2026-08-12 08:59:37.293: [INFO] MostRecentlyActiveProfile: name=Profil 1 path=C:\Users\seif9\source\repos\Ruby Exec 1\Ruby Exec 1\bin\x64\Debug\net10.0-windows\Ruby Exec 1.exe.WebView2\EBWebView\Default lastActive=2026-08-12T08:50:20.351Z
2026-08-12 08:59:37.293: [INFO] OnDoneLoading sync enabled: 0
2026-08-12 08:59:37.293: [INFO] BookmarkModelLoaded, ids_reassigned: 0
2026-08-12 08:59:37.293: [INFO] BookmarksLoadDropped droppedNodes=0
2026-08-12 08:59:37.293: [INFO] BookmarksSnapshot Startup total=0 bar=0 other=0 mobile=0 showBar=0 showBarNTP=1
2026-08-12 09:00:43.516: [INFO] BookmarksSnapshot Shutdown total=0 bar=0 other=0 mobile=0 showBar=0 showBarNTP=1
2026-08-12 09:01:33.873: [INFO] CurrentProfilePath: C:\Users\seif9\source\repos\Ruby Exec 1\Ruby Exec 1\bin\x64\Debug\net10.0-windows\Ruby Exec 1.exe.WebView2\EBWebView\Default
2026-08-12 09:01:33.873: [INFO] Profiles total count: 1
2026-08-12 09:01:33.874: [INFO] Profile: name=Profil 1 path=C:\Users\seif9\source\repos\Ruby Exec 1\Ruby Exec 1\bin\x64\Debug\net10.0-windows\Ruby Exec 1.exe.WebView2\EBWebView\Default lastActive=2026-08-12T09:00:17.998Z
2026-08-12 09:01:33.874: [INFO] LastUsedProfileDir: C:\Users\seif9\source\repos\Ruby Exec 1\Ruby Exec 1\bin\x64\Debug\net10.0-windows\Ruby Exec 1.exe.WebView2\EBWebView\Default
2026-08-12 09:01:33.874: [INFO] MostRecentlyActiveProfile: name=Profil 1 path=C:\Users\seif9\source\repos\Ruby Exec 1\Ruby Exec 1\bin\x64\Debug\net10.0-windows\Ruby Exec 1.exe.WebView2\EBWebView\Default lastActive=2026-08-12T09:00:17.998Z
2026-08-12 09:01:33.874: [INFO] OnDoneLoading sync enabled: 0
2026-08-12 09:01:33.874: [INFO] BookmarkModelLoaded, ids_reassigned: 0
2026-08-12 09:01:33.874: [INFO] BookmarksLoadDropped droppedNodes=0
2026-08-12 09:01:33.874: [INFO] BookmarksSnapshot Startup total=0 bar=0 other=0 mobile=0 showBar=0 showBarNTP=1
2026-08-12 09:03:46.395: [INFO] BookmarksSnapshot Shutdown total=0 bar=0 other=0 mobile=0 showBar=0 showBarNTP=1
2026-08-12 09:03:49.017: [INFO] CurrentProfilePath: C:\Users\seif9\source\repos\Ruby Exec 1\Ruby Exec 1\bin\x64\Debug\net10.0-windows\Ruby Exec 1.exe.WebView2\EBWebView\Default
2026-08-12 09:03:49.017: [INFO] Profiles total count: 1
2026-08-12 09:03:49.017: [INFO] Profile: name=Profil 1 path=C:\Users\seif9\source\repos\Ruby Exec 1\Ruby Exec 1\bin\x64\Debug\net10.0-windows\Ruby Exec 1.exe.WebView2\EBWebView\Default lastActive=2026-08-12T09:00:17.998Z
2026-08-12 09:03:49.017: [INFO] LastUsedProfileDir: C:\Users\seif9\source\repos\Ruby Exec 1\Ruby Exec 1\bin\x64\Debug\net10.0-windows\Ruby Exec 1.exe.WebView2\EBWebView\Default
2026-08-12 09:03:49.017: [INFO] MostRecentlyActiveProfile: name=Profil 1 path=C:\Users\seif9\source\repos\Ruby Exec 1\Ruby Exec 1\bin\x64\Debug\net10.0-windows\Ruby Exec 1.exe.WebView2\EBWebView\Default lastActive=2026-08-12T09:00:17.998Z
2026-08-12 09:03:49.017: [INFO] OnDoneLoading sync enabled: 0
2026-08-12 09:03:49.017: [INFO] BookmarkModelLoaded, ids_reassigned: 0
2026-08-12 09:03:49.017: [INFO] BookmarksLoadDropped droppedNodes=0
2026-08-12 09:03:49.017: [INFO] BookmarksSnapshot Startup total=0 bar=0 other=0 mobile=0 showBar=0 showBarNTP=1
2026-08-12 09:05:44.730: [INFO] BookmarksSnapshot Shutdown total=0 bar=0 other=0 mobile=0 showBar=0 showBarNTP=1
2026-08-12 09:08:21.200: [INFO] CurrentProfilePath: C:\Users\seif9\source\repos\Ruby Exec 1\Ruby Exec 1\bin\x64\Debug\net10.0-windows\Ruby Exec 1.exe.WebView2\EBWebView\Default
2026-08-12 09:08:21.200: [INFO] Profiles total count: 1
2026-08-12 09:08:21.201: [INFO] Profile: name=Profil 1 path=C:\Users\seif9\source\repos\Ruby Exec 1\Ruby Exec 1\bin\x64\Debug\net10.0-windows\Ruby Exec 1.exe.WebView2\EBWebView\Default lastActive=2026-08-12T09:00:17.998Z
2026-08-12 09:08:21.201: [INFO] LastUsedProfileDir: C:\Users\seif9\source\repos\Ruby Exec 1\Ruby Exec 1\bin\x64\Debug\net10.0-windows\Ruby Exec 1.exe.WebView2\EBWebView\Default
2026-08-12 09:08:21.201: [INFO] MostRecentlyActiveProfile: name=Profil 1 path=C:\Users\seif9\source\repos\Ruby Exec 1\Ruby Exec 1\bin\x64\Debug\net10.0-windows\Ruby Exec 1.exe.WebView2\EBWebView\Default lastActive=2026-08-12T09:00:17.998Z
2026-08-12 09:08:21.201: [INFO] OnDoneLoading sync enabled: 0
2026-08-12 09:08:21.201: [INFO] BookmarkModelLoaded, ids_reassigned: 0
2026-08-12 09:08:21.201: [INFO] BookmarksLoadDropped droppedNodes=0
2026-08-12 09:08:21.201: [INFO] BookmarksSnapshot Startup total=0 bar=0 other=0 mobile=0 showBar=0 showBarNTP=1
2026-08-12 09:14:37.397: [INFO] BookmarksSnapshot Shutdown total=0 bar=0 other=0 mobile=0 showBar=0 showBarNTP=1
2026-08-12 09:22:10.418: [INFO] CurrentProfilePath: C:\Users\seif9\source\repos\Ruby Exec 1\Ruby Exec 1\bin\x64\Debug\net10.0-windows\Ruby Exec 1.exe.WebView2\EBWebView\Default
2026-08-12 09:22:10.418: [INFO] Profiles total count: 1
2026-08-12 09:22:10.418: [INFO] Profile: name=Profil 1 path=C:\Users\seif9\source\repos\Ruby Exec 1\Ruby Exec 1\bin\x64\Debug\net10.0-windows\Ruby Exec 1.exe.WebView2\EBWebView\Default lastActive=2026-08-12T09:00:17.998Z
2026-08-12 09:22:10.418: [INFO] LastUsedProfileDir: C:\Users\seif9\source\repos\Ruby Exec 1\Ruby Exec 1\bin\x64\Debug\net10.0-windows\Ruby Exec 1.exe.WebView2\EBWebView\Default
2026-08-12 09:22:10.418: [INFO] MostRecentlyActiveProfile: name=Profil 1 path=C:\Users\seif9\source\repos\Ruby Exec 1\Ruby Exec 1\bin\x64\Debug\net10.0-windows\Ruby Exec 1.exe.WebView2\EBWebView\Default lastActive=2026-08-12T09:00:17.998Z
2026-08-12 09:22:10.418: [INFO] OnDoneLoading sync enabled: 0
2026-08-12 09:22:10.418: [INFO] BookmarkModelLoaded, ids_reassigned: 0
2026-08-12 09:22:10.418: [INFO] BookmarksLoadDropped droppedNodes=0
2026-08-12 09:22:10.418: [INFO] BookmarksSnapshot Startup total=0 bar=0 other=0 mobile=0 showBar=0 showBarNTP=1
2026-08-12 09:45:25.873: [INFO] BookmarksSnapshot Shutdown total=0 bar=0 other=0 mobile=0 showBar=0 showBarNTP=1
2026-08-12 09:45:36.258: [INFO] CurrentProfilePath: C:\Users\seif9\source\repos\Ruby Exec 1\Ruby Exec 1\bin\x64\Debug\net10.0-windows\Ruby Exec 1.exe.WebView2\EBWebView\Default
2026-08-12 09:45:36.258: [INFO] Profiles total count: 1
2026-08-12 09:45:36.258: [INFO] Profile: name=Profil 1 path=C:\Users\seif9\source\repos\Ruby Exec 1\Ruby Exec 1\bin\x64\Debug\net10.0-windows\Ruby Exec 1.exe.WebView2\EBWebView\Default lastActive=2026-08-12T09:00:17.998Z
2026-08-12 09:45:36.258: [INFO] LastUsedProfileDir: C:\Users\seif9\source\repos\Ruby Exec 1\Ruby Exec 1\bin\x64\Debug\net10.0-windows\Ruby Exec 1.exe.WebView2\EBWebView\Default
2026-08-12 09:45:36.258: [INFO] MostRecentlyActiveProfile: name=Profil 1 path=C:\Users\seif9\source\repos\Ruby Exec 1\Ruby Exec 1\bin\x64\Debug\net10.0-windows\Ruby Exec 1.exe.WebView2\EBWebView\Default lastActive=2026-08-12T09:00:17.998Z
2026-08-12 09:45:36.258: [INFO] OnDoneLoading sync enabled: 0
2026-08-12 09:45:36.258: [INFO] BookmarkModelLoaded, ids_reassigned: 0
2026-08-12 09:45:36.258: [INFO] BookmarksLoadDropped droppedNodes=0
2026-08-12 09:45:36.258: [INFO] BookmarksSnapshot Startup total=0 bar=0 other=0 mobile=0 showBar=0 showBarNTP=1
2026-08-12 09:48:01.849: [INFO] BookmarksSnapshot Shutdown total=0 bar=0 other=0 mobile=0 showBar=0 showBarNTP=1
2026-08-12 09:48:04.861: [INFO] CurrentProfilePath: C:\Users\seif9\source\repos\Ruby Exec 1\Ruby Exec 1\bin\x64\Debug\net10.0-windows\Ruby Exec 1.exe.WebView2\EBWebView\Default
2026-08-12 09:48:04.861: [INFO] Profiles total count: 1
2026-08-12 09:48:04.861: [INFO] Profile: name=Profil 1 path=C:\Users\seif9\source\repos\Ruby Exec 1\Ruby Exec 1\bin\x64\Debug\net10.0-windows\Ruby Exec 1.exe.WebView2\EBWebView\Default lastActive=2026-08-12T09:00:17.998Z
2026-08-12 09:48:04.861: [INFO] LastUsedProfileDir: C:\Users\seif9\source\repos\Ruby Exec 1\Ruby Exec 1\bin\x64\Debug\net10.0-windows\Ruby Exec 1.exe.WebView2\EBWebView\Default
2026-08-12 09:48:04.861: [INFO] MostRecentlyActiveProfile: name=Profil 1 path=C:\Users\seif9\source\repos\Ruby Exec 1\Ruby Exec 1\bin\x64\Debug\net10.0-windows\Ruby Exec 1.exe.WebView2\EBWebView\Default lastActive=2026-08-12T09:00:17.998Z
2026-08-12 09:48:04.861: [INFO] OnDoneLoading sync enabled: 0
2026-08-12 09:48:04.861: [INFO] BookmarkModelLoaded, ids_reassigned: 0
2026-08-12 09:48:04.861: [INFO] BookmarksLoadDropped droppedNodes=0
2026-08-12 09:48:04.861: [INFO] BookmarksSnapshot Startup total=0 bar=0 other=0 mobile=0 showBar=0 showBarNTP=1
2026-08-12 09:51:23.258: [INFO] BookmarksSnapshot Shutdown total=0 bar=0 other=0 mobile=0 showBar=0 showBarNTP=1
2026-08-12 09:58:00.512: [INFO] CurrentProfilePath: C:\Users\seif9\source\repos\Ruby Exec 1\Ruby Exec 1\bin\x64\Debug\net10.0-windows\Ruby Exec 1.exe.WebView2\EBWebView\Default
2026-08-12 09:58:00.512: [INFO] Profiles total count: 1
2026-08-12 09:58:00.513: [INFO] Profile: name=Profil 1 path=C:\Users\seif9\source\repos\Ruby Exec 1\Ruby Exec 1\bin\x64\Debug\net10.0-windows\Ruby Exec 1.exe.WebView2\EBWebView\Default lastActive=2026-08-12T09:57:54.394Z
2026-08-12 09:58:00.513: [INFO] LastUsedProfileDir: C:\Users\seif9\source\repos\Ruby Exec 1\Ruby Exec 1\bin\x64\Debug\net10.0-windows\Ruby Exec 1.exe.WebView2\EBWebView\Default
2026-08-12 09:58:00.513: [INFO] MostRecentlyActiveProfile: name=Profil 1 path=C:\Users\seif9\source\repos\Ruby Exec 1\Ruby Exec 1\bin\x64\Debug\net10.0-windows\Ruby Exec 1.exe.WebView2\EBWebView\Default lastActive=2026-08-12T09:57:54.394Z
2026-08-12 09:58:00.513: [INFO] OnDoneLoading sync enabled: 0
2026-08-12 09:58:00.513: [INFO] BookmarkModelLoaded, ids_reassigned: 0
2026-08-12 09:58:00.513: [INFO] BookmarksLoadDropped droppedNodes=0
2026-08-12 09:58:00.513: [INFO] BookmarksSnapshot Startup total=0 bar=0 other=0 mobile=0 showBar=0 showBarNTP=1
2026-08-12 10:02:38.153: [INFO] BookmarksSnapshot Shutdown total=0 bar=0 other=0 mobile=0 showBar=0 showBarNTP=1
2026-08-12 10:03:05.069: [INFO] CurrentProfilePath: C:\Users\seif9\source\repos\Ruby Exec 1\Ruby Exec 1\bin\x64\Debug\net10.0-windows\Ruby Exec 1.exe.WebView2\EBWebView\Default
2026-08-12 10:03:05.069: [INFO] Profiles total count: 1
2026-08-12 10:03:05.070: [INFO] Profile: name=Profil 1 path=C:\Users\seif9\source\repos\Ruby Exec 1\Ruby Exec 1\bin\x64\Debug\net10.0-windows\Ruby Exec 1.exe.WebView2\EBWebView\Default lastActive=2026-08-12T09:57:54.394Z
2026-08-12 10:03:05.070: [INFO] LastUsedProfileDir: C:\Users\seif9\source\repos\Ruby Exec 1\Ruby Exec 1\bin\x64\Debug\net10.0-windows\Ruby Exec 1.exe.WebView2\EBWebView\Default
2026-08-12 10:03:05.070: [INFO] MostRecentlyActiveProfile: name=Profil 1 path=C:\Users\seif9\source\repos\Ruby Exec 1\Ruby Exec 1\bin\x64\Debug\net10.0-windows\Ruby Exec 1.exe.WebView2\EBWebView\Default lastActive=2026-08-12T09:57:54.394Z
2026-08-12 10:03:05.070: [INFO] OnDoneLoading sync enabled: 0
2026-08-12 10:03:05.070: [INFO] BookmarkModelLoaded, ids_reassigned: 0
2026-08-12 10:03:05.070: [INFO] BookmarksLoadDropped droppedNodes=0
2026-08-12 10:03:05.070: [INFO] BookmarksSnapshot Startup total=0 bar=0 other=0 mobile=0 showBar=0 showBarNTP=1
2026-08-12 10:03:49.695: [INFO] BookmarksSnapshot Shutdown total=0 bar=0 other=0 mobile=0 showBar=0 showBarNTP=1
2026-08-12 10:03:56.606: [INFO] CurrentProfilePath: C:\Users\seif9\source\repos\Ruby Exec 1\Ruby Exec 1\bin\x64\Debug\net10.0-windows\Ruby Exec 1.exe.WebView2\EBWebView\Default
2026-08-12 10:03:56.606: [INFO] Profiles total count: 1
2026-08-12 10:03:56.606: [INFO] Profile: name=Profil 1 path=C:\Users\seif9\source\repos\Ruby Exec 1\Ruby Exec 1\bin\x64\Debug\net10.0-windows\Ruby Exec 1.exe.WebView2\EBWebView\Default lastActive=2026-08-12T10:03:13.947Z
2026-08-12 10:03:56.606: [INFO] LastUsedProfileDir: C:\Users\seif9\source\repos\Ruby Exec 1\Ruby Exec 1\bin\x64\Debug\net10.0-windows\Ruby Exec 1.exe.WebView2\EBWebView\Default
2026-08-12 10:03:56.606: [INFO] MostRecentlyActiveProfile: name=Profil 1 path=C:\Users\seif9\source\repos\Ruby Exec 1\Ruby Exec 1\bin\x64\Debug\net10.0-windows\Ruby Exec 1.exe.WebView2\EBWebView\Default lastActive=2026-08-12T10:03:13.947Z
2026-08-12 10:03:56.606: [INFO] OnDoneLoading sync enabled: 0
2026-08-12 10:03:56.606: [INFO] BookmarkModelLoaded, ids_reassigned: 0
2026-08-12 10:03:56.606: [INFO] BookmarksLoadDropped droppedNodes=0
2026-08-12 10:03:56.606: [INFO] BookmarksSnapshot Startup total=0 bar=0 other=0 mobile=0 showBar=0 showBarNTP=1
2026-08-12 10:07:45.514: [INFO] BookmarksSnapshot Shutdown total=0 bar=0 other=0 mobile=0 showBar=0 showBarNTP=1
2026-08-12 10:11:07.971: [INFO] CurrentProfilePath: C:\Users\seif9\source\repos\Ruby Exec 1\Ruby Exec 1\bin\x64\Debug\net10.0-windows\Ruby Exec 1.exe.WebView2\EBWebView\Default
2026-08-12 10:11:07.971: [INFO] Profiles total count: 1
2026-08-12 10:11:07.972: [INFO] Profile: name=Profil 1 path=C:\Users\seif9\source\repos\Ruby Exec 1\Ruby Exec 1\bin\x64\Debug\net10.0-windows\Ruby Exec 1.exe.WebView2\EBWebView\Default lastActive=2026-08-12T10:04:01.849Z
2026-08-12 10:11:07.972: [INFO] LastUsedProfileDir: C:\Users\seif9\source\repos\Ruby Exec 1\Ruby Exec 1\bin\x64\Debug\net10.0-windows\Ruby Exec 1.exe.WebView2\EBWebView\Default
2026-08-12 10:11:07.972: [INFO] MostRecentlyActiveProfile: name=Profil 1 path=C:\Users\seif9\source\repos\Ruby Exec 1\Ruby Exec 1\bin\x64\Debug\net10.0-windows\Ruby Exec 1.exe.WebView2\EBWebView\Default lastActive=2026-08-12T10:04:01.849Z
2026-08-12 10:11:07.972: [INFO] OnDoneLoading sync enabled: 0
2026-08-12 10:11:07.972: [INFO] BookmarkModelLoaded, ids_reassigned: 0
2026-08-12 10:11:07.972: [INFO] BookmarksLoadDropped droppedNodes=0
2026-08-12 10:11:07.972: [INFO] BookmarksSnapshot Startup total=0 bar=0 other=0 mobile=0 showBar=0 showBarNTP=1
2026-08-12 10:12:25.988: [INFO] BookmarksSnapshot Shutdown total=0 bar=0 other=0 mobile=0 showBar=0 showBarNTP=1
2026-08-12 10:13:33.567: [INFO] CurrentProfilePath: C:\Users\seif9\source\repos\Ruby Exec 1\Ruby Exec 1\bin\x64\Debug\net10.0-windows\Ruby Exec 1.exe.WebView2\EBWebView\Default
2026-08-12 10:13:33.567: [INFO] Profiles total count: 1
2026-08-12 10:13:33.567: [INFO] Profile: name=Profil 1 path=C:\Users\seif9\source\repos\Ruby Exec 1\Ruby Exec 1\bin\x64\Debug\net10.0-windows\Ruby Exec 1.exe.WebView2\EBWebView\Default lastActive=2026-08-12T10:11:12.884Z
2026-08-12 10:13:33.567: [INFO] LastUsedProfileDir: C:\Users\seif9\source\repos\Ruby Exec 1\Ruby Exec 1\bin\x64\Debug\net10.0-windows\Ruby Exec 1.exe.WebView2\EBWebView\Default
2026-08-12 10:13:33.567: [INFO] MostRecentlyActiveProfile: name=Profil 1 path=C:\Users\seif9\source\repos\Ruby Exec 1\Ruby Exec 1\bin\x64\Debug\net10.0-windows\Ruby Exec 1.exe.WebView2\EBWebView\Default lastActive=2026-08-12T10:11:12.884Z
2026-08-12 10:13:33.567: [INFO] OnDoneLoading sync enabled: 0
2026-08-12 10:13:33.567: [INFO] BookmarkModelLoaded, ids_reassigned: 0
2026-08-12 10:13:33.567: [INFO] BookmarksLoadDropped droppedNodes=0
2026-08-12 10:13:33.567: [INFO] BookmarksSnapshot Startup total=0 bar=0 other=0 mobile=0 showBar=0 showBarNTP=1
2026-08-12 10:14:03.372: [INFO] BookmarksSnapshot Shutdown total=0 bar=0 other=0 mobile=0 showBar=0 showBarNTP=1
2026-08-12 10:15:58.669: [INFO] CurrentProfilePath: C:\Users\seif9\source\repos\Ruby Exec 1\Ruby Exec 1\bin\x64\Debug\net10.0-windows\Ruby Exec 1.exe.WebView2\EBWebView\Default
2026-08-12 10:15:58.669: [INFO] Profiles total count: 1
2026-08-12 10:15:58.669: [INFO] Profile: name=Profil 1 path=C:\Users\seif9\source\repos\Ruby Exec 1\Ruby Exec 1\bin\x64\Debug\net10.0-windows\Ruby Exec 1.exe.WebView2\EBWebView\Default lastActive=2026-08-12T10:11:12.884Z
2026-08-12 10:15:58.669: [INFO] LastUsedProfileDir: C:\Users\seif9\source\repos\Ruby Exec 1\Ruby Exec 1\bin\x64\Debug\net10.0-windows\Ruby Exec 1.exe.WebView2\EBWebView\Default
2026-08-12 10:15:58.669: [INFO] MostRecentlyActiveProfile: name=Profil 1 path=C:\Users\seif9\source\repos\Ruby Exec 1\Ruby Exec 1\bin\x64\Debug\net10.0-windows\Ruby Exec 1.exe.WebView2\EBWebView\Default lastActive=2026-08-12T10:11:12.884Z
2026-08-12 10:15:58.669: [INFO] OnDoneLoading sync enabled: 0
2026-08-12 10:15:58.669: [INFO] BookmarkModelLoaded, ids_reassigned: 0
2026-08-12 10:15:58.669: [INFO] BookmarksLoadDropped droppedNodes=0
2026-08-12 10:15:58.669: [INFO] BookmarksSnapshot Startup total=0 bar=0 other=0 mobile=0 showBar=0 showBarNTP=1
2026-08-12 10:18:25.765: [INFO] BookmarksSnapshot Shutdown total=0 bar=0 other=0 mobile=0 showBar=0 showBarNTP=1
2026-08-12 10:18:30.907: [INFO] CurrentProfilePath: C:\Users\seif9\source\repos\Ruby Exec 1\Ruby Exec 1\bin\x64\Debug\net10.0-windows\Ruby Exec 1.exe.WebView2\EBWebView\Default
2026-08-12 10:18:30.907: [INFO] Profiles total count: 1
2026-08-12 10:18:30.907: [INFO] Profile: name=Profil 1 path=C:\Users\seif9\source\repos\Ruby Exec 1\Ruby Exec 1\bin\x64\Debug\net10.0-windows\Ruby Exec 1.exe.WebView2\EBWebView\Default lastActive=2026-08-12T10:16:35.337Z
2026-08-12 10:18:30.907: [INFO] LastUsedProfileDir: C:\Users\seif9\source\repos\Ruby Exec 1\Ruby Exec 1\bin\x64\Debug\net10.0-windows\Ruby Exec 1.exe.WebView2\EBWebView\Default
2026-08-12 10:18:30.908: [INFO] MostRecentlyActiveProfile: name=Profil 1 path=C:\Users\seif9\source\repos\Ruby Exec 1\Ruby Exec 1\bin\x64\Debug\net10.0-windows\Ruby Exec 1.exe.WebView2\EBWebView\Default lastActive=2026-08-12T10:16:35.337Z
2026-08-12 10:18:30.908: [INFO] OnDoneLoading sync enabled: 0
2026-08-12 10:18:30.908: [INFO] BookmarkModelLoaded, ids_reassigned: 0
2026-08-12 10:18:30.908: [INFO] BookmarksLoadDropped droppedNodes=0
2026-08-12 10:18:30.908: [INFO] BookmarksSnapshot Startup total=0 bar=0 other=0 mobile=0 showBar=0 showBarNTP=1
2026-08-12 10:19:44.442: [INFO] BookmarksSnapshot Shutdown total=0 bar=0 other=0 mobile=0 showBar=0 showBarNTP=1
2026-08-12 10:20:18.532: [INFO] CurrentProfilePath: C:\Users\seif9\source\repos\Ruby Exec 1\Ruby Exec 1\bin\x64\Debug\net10.0-windows\Ruby Exec 1.exe.WebView2\EBWebView\Default
2026-08-12 10:20:18.532: [INFO] Profiles total count: 1
2026-08-12 10:20:18.532: [INFO] Profile: name=Profil 1 path=C:\Users\seif9\source\repos\Ruby Exec 1\Ruby Exec 1\bin\x64\Debug\net10.0-windows\Ruby Exec 1.exe.WebView2\EBWebView\Default lastActive=2026-08-12T10:16:35.337Z
2026-08-12 10:20:18.532: [INFO] LastUsedProfileDir: C:\Users\seif9\source\repos\Ruby Exec 1\Ruby Exec 1\bin\x64\Debug\net10.0-windows\Ruby Exec 1.exe.WebView2\EBWebView\Default
2026-08-12 10:20:18.532: [INFO] MostRecentlyActiveProfile: name=Profil 1 path=C:\Users\seif9\source\repos\Ruby Exec 1\Ruby Exec 1\bin\x64\Debug\net10.0-windows\Ruby Exec 1.exe.WebView2\EBWebView\Default lastActive=2026-08-12T10:16:35.337Z
2026-08-12 10:20:18.532: [INFO] OnDoneLoading sync enabled: 0
2026-08-12 10:20:18.532: [INFO] BookmarkModelLoaded, ids_reassigned: 0
2026-08-12 10:20:18.532: [INFO] BookmarksLoadDropped droppedNodes=0
2026-08-12 10:20:18.532: [INFO] BookmarksSnapshot Startup total=0 bar=0 other=0 mobile=0 showBar=0 showBarNTP=1
2026-08-12 10:26:37.051: [INFO] BookmarksSnapshot Shutdown total=0 bar=0 other=0 mobile=0 showBar=0 showBarNTP=1
2026-08-12 10:26:40.474: [INFO] CurrentProfilePath: C:\Users\seif9\source\repos\Ruby Exec 1\Ruby Exec 1\bin\x64\Debug\net10.0-windows\Ruby Exec 1.exe.WebView2\EBWebView\Default
2026-08-12 10:26:40.474: [INFO] Profiles total count: 1
2026-08-12 10:26:40.475: [INFO] Profile: name=Profil 1 path=C:\Users\seif9\source\repos\Ruby Exec 1\Ruby Exec 1\bin\x64\Debug\net10.0-windows\Ruby Exec 1.exe.WebView2\EBWebView\Default lastActive=2026-08-12T10:16:35.337Z
2026-08-12 10:26:40.475: [INFO] LastUsedProfileDir: C:\Users\seif9\source\repos\Ruby Exec 1\Ruby Exec 1\bin\x64\Debug\net10.0-windows\Ruby Exec 1.exe.WebView2\EBWebView\Default
2026-08-12 10:26:40.475: [INFO] MostRecentlyActiveProfile: name=Profil 1 path=C:\Users\seif9\source\repos\Ruby Exec 1\Ruby Exec 1\bin\x64\Debug\net10.0-windows\Ruby Exec 1.exe.WebView2\EBWebView\Default lastActive=2026-08-12T10:16:35.337Z
2026-08-12 10:26:40.475: [INFO] OnDoneLoading sync enabled: 0
2026-08-12 10:26:40.475: [INFO] BookmarkModelLoaded, ids_reassigned: 0
2026-08-12 10:26:40.475: [INFO] BookmarksLoadDropped droppedNodes=0
2026-08-12 10:26:40.475: [INFO] BookmarksSnapshot Startup total=0 bar=0 other=0 mobile=0 showBar=0 showBarNTP=1
2026-08-12 10:27:05.171: [INFO] BookmarksSnapshot Shutdown total=0 bar=0 other=0 mobile=0 showBar=0 showBarNTP=1
2026-08-12 10:27:07.615: [INFO] CurrentProfilePath: C:\Users\seif9\source\repos\Ruby Exec 1\Ruby Exec 1\bin\x64\Debug\net10.0-windows\Ruby Exec 1.exe.WebView2\EBWebView\Default
2026-08-12 10:27:07.615: [INFO] Profiles total count: 1
2026-08-12 10:27:07.616: [INFO] Profile: name=Profil 1 path=C:\Users\seif9\source\repos\Ruby Exec 1\Ruby Exec 1\bin\x64\Debug\net10.0-windows\Ruby Exec 1.exe.WebView2\EBWebView\Default lastActive=2026-08-12T10:16:35.337Z
2026-08-12 10:27:07.616: [INFO] LastUsedProfileDir: C:\Users\seif9\source\repos\Ruby Exec 1\Ruby Exec 1\bin\x64\Debug\net10.0-windows\Ruby Exec 1.exe.WebView2\EBWebView\Default
2026-08-12 10:27:07.616: [INFO] MostRecentlyActiveProfile: name=Profil 1 path=C:\Users\seif9\source\repos\Ruby Exec 1\Ruby Exec 1\bin\x64\Debug\net10.0-windows\Ruby Exec 1.exe.WebView2\EBWebView\Default lastActive=2026-08-12T10:16:35.337Z
2026-08-12 10:27:07.616: [INFO] OnDoneLoading sync enabled: 0
2026-08-12 10:27:07.616: [INFO] BookmarkModelLoaded, ids_reassigned: 0
2026-08-12 10:27:07.616: [INFO] BookmarksLoadDropped droppedNodes=0
2026-08-12 10:27:07.616: [INFO] BookmarksSnapshot Startup total=0 bar=0 other=0 mobile=0 showBar=0 showBarNTP=1
2026-08-12 10:28:57.740: [INFO] BookmarksSnapshot Shutdown total=0 bar=0 other=0 mobile=0 showBar=0 showBarNTP=1
2026-08-12 10:33:42.226: [INFO] CurrentProfilePath: C:\Users\seif9\source\repos\Ruby Exec 1\Ruby Exec 1\bin\x64\Debug\net10.0-windows\Ruby Exec 1.exe.WebView2\EBWebView\Default
2026-08-12 10:33:42.226: [INFO] Profiles total count: 1
2026-08-12 10:33:42.229: [INFO] Profile: name=Profil 1 path=C:\Users\seif9\source\repos\Ruby Exec 1\Ruby Exec 1\bin\x64\Debug\net10.0-windows\Ruby Exec 1.exe.WebView2\EBWebView\Default lastActive=2026-08-12T10:28:44.639Z
2026-08-12 10:33:42.229: [INFO] LastUsedProfileDir: C:\Users\seif9\source\repos\Ruby Exec 1\Ruby Exec 1\bin\x64\Debug\net10.0-windows\Ruby Exec 1.exe.WebView2\EBWebView\Default
2026-08-12 10:33:42.229: [INFO] MostRecentlyActiveProfile: name=Profil 1 path=C:\Users\seif9\source\repos\Ruby Exec 1\Ruby Exec 1\bin\x64\Debug\net10.0-windows\Ruby Exec 1.exe.WebView2\EBWebView\Default lastActive=2026-08-12T10:28:44.639Z
2026-08-12 10:33:42.229: [INFO] OnDoneLoading sync enabled: 0
2026-08-12 10:33:42.229: [INFO] BookmarkModelLoaded, ids_reassigned: 0
2026-08-12 10:33:42.229: [INFO] BookmarksLoadDropped droppedNodes=0
2026-08-12 10:33:42.229: [INFO] BookmarksSnapshot Startup total=0 bar=0 other=0 mobile=0 showBar=0 showBarNTP=1
2026-08-12 10:33:55.640: [INFO] BookmarksSnapshot Shutdown total=0 bar=0 other=0 mobile=0 showBar=0 showBarNTP=1
2026-08-12 10:34:06.224: [INFO] CurrentProfilePath: C:\Users\seif9\source\repos\Ruby Exec 1\Ruby Exec 1\bin\x64\Debug\net10.0-windows\Ruby Exec 1.exe.WebView2\EBWebView\Default
2026-08-12 10:34:06.224: [INFO] Profiles total count: 1
2026-08-12 10:34:06.225: [INFO] Profile: name=Profil 1 path=C:\Users\seif9\source\repos\Ruby Exec 1\Ruby Exec 1\bin\x64\Debug\net10.0-windows\Ruby Exec 1.exe.WebView2\EBWebView\Default lastActive=2026-08-12T10:33:46.004Z
2026-08-12 10:34:06.225: [INFO] LastUsedProfileDir: C:\Users\seif9\source\repos\Ruby Exec 1\Ruby Exec 1\bin\x64\Debug\net10.0-windows\Ruby Exec 1.exe.WebView2\EBWebView\Default
2026-08-12 10:34:06.225: [INFO] MostRecentlyActiveProfile: name=Profil 1 path=C:\Users\seif9\source\repos\Ruby Exec 1\Ruby Exec 1\bin\x64\Debug\net10.0-windows\Ruby Exec 1.exe.WebView2\EBWebView\Default lastActive=2026-08-12T10:33:46.004Z
2026-08-12 10:34:06.225: [INFO] OnDoneLoading sync enabled: 0
2026-08-12 10:34:06.225: [INFO] BookmarkModelLoaded, ids_reassigned: 0
2026-08-12 10:34:06.225: [INFO] BookmarksLoadDropped droppedNodes=0
2026-08-12 10:34:06.225: [INFO] BookmarksSnapshot Startup total=0 bar=0 other=0 mobile=0 showBar=0 showBarNTP=1
2026-08-12 10:53:16.665: [INFO] BookmarksSnapshot Shutdown total=0 bar=0 other=0 mobile=0 showBar=0 showBarNTP=1
2026-08-12 10:53:23.169: [INFO] CurrentProfilePath: C:\Users\seif9\source\repos\Ruby Exec 1\Ruby Exec 1\bin\x64\Debug\net10.0-windows\Ruby Exec 1.exe.WebView2\EBWebView\Default
2026-08-12 10:53:23.169: [INFO] Profiles total count: 1
2026-08-12 10:53:23.169: [INFO] Profile: name=Profil 1 path=C:\Users\seif9\source\repos\Ruby Exec 1\Ruby Exec 1\bin\x64\Debug\net10.0-windows\Ruby Exec 1.exe.WebView2\EBWebView\Default lastActive=2026-08-12T10:34:44.030Z
2026-08-12 10:53:23.169: [INFO] LastUsedProfileDir: C:\Users\seif9\source\repos\Ruby Exec 1\Ruby Exec 1\bin\x64\Debug\net10.0-windows\Ruby Exec 1.exe.WebView2\EBWebView\Default
2026-08-12 10:53:23.169: [INFO] MostRecentlyActiveProfile: name=Profil 1 path=C:\Users\seif9\source\repos\Ruby Exec 1\Ruby Exec 1\bin\x64\Debug\net10.0-windows\Ruby Exec 1.exe.WebView2\EBWebView\Default lastActive=2026-08-12T10:34:44.030Z
2026-08-12 10:53:23.169: [INFO] OnDoneLoading sync enabled: 0
2026-08-12 10:53:23.169: [INFO] BookmarkModelLoaded, ids_reassigned: 0
2026-08-12 10:53:23.169: [INFO] BookmarksLoadDropped droppedNodes=0
2026-08-12 10:53:23.169: [INFO] BookmarksSnapshot Startup total=0 bar=0 other=0 mobile=0 showBar=0 showBarNTP=1
2026-08-12 10:59:09.362: [INFO] BookmarksSnapshot Shutdown total=0 bar=0 other=0 mobile=0 showBar=0 showBarNTP=1
2026-08-12 10:59:13.645: [INFO] CurrentProfilePath: C:\Users\seif9\source\repos\Ruby Exec 1\Ruby Exec 1\bin\x64\Debug\net10.0-windows\Ruby Exec 1.exe.WebView2\EBWebView\Default
2026-08-12 10:59:13.645: [INFO] Profiles total count: 1
2026-08-12 10:59:13.647: [INFO] Profile: name=Profil 1 path=C:\Users\seif9\source\repos\Ruby Exec 1\Ruby Exec 1\bin\x64\Debug\net10.0-windows\Ruby Exec 1.exe.WebView2\EBWebView\Default lastActive=2026-08-12T10:55:37.757Z
2026-08-12 10:59:13.647: [INFO] LastUsedProfileDir: C:\Users\seif9\source\repos\Ruby Exec 1\Ruby Exec 1\bin\x64\Debug\net10.0-windows\Ruby Exec 1.exe.WebView2\EBWebView\Default
2026-08-12 10:59:13.647: [INFO] MostRecentlyActiveProfile: name=Profil 1 path=C:\Users\seif9\source\repos\Ruby Exec 1\Ruby Exec 1\bin\x64\Debug\net10.0-windows\Ruby Exec 1.exe.WebView2\EBWebView\Default lastActive=2026-08-12T10:55:37.757Z
2026-08-12 10:59:13.647: [INFO] OnDoneLoading sync enabled: 0
2026-08-12 10:59:13.647: [INFO] BookmarkModelLoaded, ids_reassigned: 0
2026-08-12 10:59:13.647: [INFO] BookmarksLoadDropped droppedNodes=0
2026-08-12 10:59:13.647: [INFO] BookmarksSnapshot Startup total=0 bar=0 other=0 mobile=0 showBar=0 showBarNTP=1
2026-08-12 10:59:28.870: [INFO] BookmarksSnapshot Shutdown total=0 bar=0 other=0 mobile=0 showBar=0 showBarNTP=1
2026-08-12 10:59:35.246: [INFO] CurrentProfilePath: C:\Users\seif9\source\repos\Ruby Exec 1\Ruby Exec 1\bin\x64\Debug\net10.0-windows\Ruby Exec 1.exe.WebView2\EBWebView\Default
2026-08-12 10:59:35.246: [INFO] Profiles total count: 1
2026-08-12 10:59:35.247: [INFO] Profile: name=Profil 1 path=C:\Users\seif9\source\repos\Ruby Exec 1\Ruby Exec 1\bin\x64\Debug\net10.0-windows\Ruby Exec 1.exe.WebView2\EBWebView\Default lastActive=2026-08-12T10:55:37.757Z
2026-08-12 10:59:35.247: [INFO] LastUsedProfileDir: C:\Users\seif9\source\repos\Ruby Exec 1\Ruby Exec 1\bin\x64\Debug\net10.0-windows\Ruby Exec 1.exe.WebView2\EBWebView\Default
2026-08-12 10:59:35.247: [INFO] MostRecentlyActiveProfile: name=Profil 1 path=C:\Users\seif9\source\repos\Ruby Exec 1\Ruby Exec 1\bin\x64\Debug\net10.0-windows\Ruby Exec 1.exe.WebView2\EBWebView\Default lastActive=2026-08-12T10:55:37.757Z
2026-08-12 10:59:35.247: [INFO] OnDoneLoading sync enabled: 0
2026-08-12 10:59:35.247: [INFO] BookmarkModelLoaded, ids_reassigned: 0
2026-08-12 10:59:35.247: [INFO] BookmarksLoadDropped droppedNodes=0
2026-08-12 10:59:35.247: [INFO] BookmarksSnapshot Startup total=0 bar=0 other=0 mobile=0 showBar=0 showBarNTP=1
2026-08-12 11:02:13.319: [INFO] BookmarksSnapshot Shutdown total=0 bar=0 other=0 mobile=0 showBar=0 showBarNTP=1
2026-08-12 11:02:19.895: [INFO] CurrentProfilePath: C:\Users\seif9\source\repos\Ruby Exec 1\Ruby Exec 1\bin\x64\Debug\net10.0-windows\Ruby Exec 1.exe.WebView2\EBWebView\Default
2026-08-12 11:02:19.895: [INFO] Profiles total count: 1
2026-08-12 11:02:19.895: [INFO] Profile: name=Profil 1 path=C:\Users\seif9\source\repos\Ruby Exec 1\Ruby Exec 1\bin\x64\Debug\net10.0-windows\Ruby Exec 1.exe.WebView2\EBWebView\Default lastActive=2026-08-12T11:02:11.759Z
2026-08-12 11:02:19.895: [INFO] LastUsedProfileDir: C:\Users\seif9\source\repos\Ruby Exec 1\Ruby Exec 1\bin\x64\Debug\net10.0-windows\Ruby Exec 1.exe.WebView2\EBWebView\Default
2026-08-12 11:02:19.895: [INFO] MostRecentlyActiveProfile: name=Profil 1 path=C:\Users\seif9\source\repos\Ruby Exec 1\Ruby Exec 1\bin\x64\Debug\net10.0-windows\Ruby Exec 1.exe.WebView2\EBWebView\Default lastActive=2026-08-12T11:02:11.759Z
2026-08-12 11:02:19.895: [INFO] OnDoneLoading sync enabled: 0
2026-08-12 11:02:19.895: [INFO] BookmarkModelLoaded, ids_reassigned: 0
2026-08-12 11:02:19.895: [INFO] BookmarksLoadDropped droppedNodes=0
2026-08-12 11:02:19.895: [INFO] BookmarksSnapshot Startup total=0 bar=0 other=0 mobile=0 showBar=0 showBarNTP=1
2026-08-12 11:03:56.981: [INFO] BookmarksSnapshot Shutdown total=0 bar=0 other=0 mobile=0 showBar=0 showBarNTP=1
2026-08-12 11:10:42.726: [INFO] CurrentProfilePath: C:\Users\seif9\source\repos\Ruby Exec 1\Ruby Exec 1\bin\x64\Debug\net10.0-windows\Ruby Exec 1.exe.WebView2\EBWebView\Default
2026-08-12 11:10:42.726: [INFO] Profiles total count: 1
2026-08-12 11:10:42.726: [INFO] Profile: name=Profil 1 path=C:\Users\seif9\source\repos\Ruby Exec 1\Ruby Exec 1\bin\x64\Debug\net10.0-windows\Ruby Exec 1.exe.WebView2\EBWebView\Default lastActive=2026-08-12T11:10:28.405Z
2026-08-12 11:10:42.726: [INFO] LastUsedProfileDir: C:\Users\seif9\source\repos\Ruby Exec 1\Ruby Exec 1\bin\x64\Debug\net10.0-windows\Ruby Exec 1.exe.WebView2\EBWebView\Default
2026-08-12 11:10:42.726: [INFO] MostRecentlyActiveProfile: name=Profil 1 path=C:\Users\seif9\source\repos\Ruby Exec 1\Ruby Exec 1\bin\x64\Debug\net10.0-windows\Ruby Exec 1.exe.WebView2\EBWebView\Default lastActive=2026-08-12T11:10:28.405Z
2026-08-12 11:10:42.726: [INFO] OnDoneLoading sync enabled: 0
2026-08-12 11:10:42.726: [INFO] BookmarkModelLoaded, ids_reassigned: 0
2026-08-12 11:10:42.726: [INFO] BookmarksLoadDropped droppedNodes=0
2026-08-12 11:10:42.726: [INFO] BookmarksSnapshot Startup total=0 bar=0 other=0 mobile=0 showBar=0 showBarNTP=1
2026-08-12 11:13:52.381: [INFO] BookmarksSnapshot Shutdown total=0 bar=0 other=0 mobile=0 showBar=0 showBarNTP=1
2026-08-12 11:13:56.346: [INFO] CurrentProfilePath: C:\Users\seif9\source\repos\Ruby Exec 1\Ruby Exec 1\bin\x64\Debug\net10.0-windows\Ruby Exec 1.exe.WebView2\EBWebView\Default
2026-08-12 11:13:56.346: [INFO] Profiles total count: 1
2026-08-12 11:13:56.347: [INFO] Profile: name=Profil 1 path=C:\Users\seif9\source\repos\Ruby Exec 1\Ruby Exec 1\bin\x64\Debug\net10.0-windows\Ruby Exec 1.exe.WebView2\EBWebView\Default lastActive=2026-08-12T11:10:28.405Z
2026-08-12 11:13:56.347: [INFO] LastUsedProfileDir: C:\Users\seif9\source\repos\Ruby Exec 1\Ruby Exec 1\bin\x64\Debug\net10.0-windows\Ruby Exec 1.exe.WebView2\EBWebView\Default
2026-08-12 11:13:56.347: [INFO] MostRecentlyActiveProfile: name=Profil 1 path=C:\Users\seif9\source\repos\Ruby Exec 1\Ruby Exec 1\bin\x64\Debug\net10.0-windows\Ruby Exec 1.exe.WebView2\EBWebView\Default lastActive=2026-08-12T11:10:28.405Z
2026-08-12 11:13:56.347: [INFO] OnDoneLoading sync enabled: 0
2026-08-12 11:13:56.347: [INFO] BookmarkModelLoaded, ids_reassigned: 0
2026-08-12 11:13:56.347: [INFO] BookmarksLoadDropped droppedNodes=0
2026-08-12 11:13:56.347: [INFO] BookmarksSnapshot Startup total=0 bar=0 other=0 mobile=0 showBar=0 showBarNTP=1
2026-08-12 11:14:48.871: [INFO] BookmarksSnapshot Shutdown total=0 bar=0 other=0 mobile=0 showBar=0 showBarNTP=1
2026-08-12 11:15:27.431: [INFO] CurrentProfilePath: C:\Users\seif9\source\repos\Ruby Exec 1\Ruby Exec 1\bin\x64\Debug\net10.0-windows\Ruby Exec 1.exe.WebView2\EBWebView\Default
2026-08-12 11:15:27.431: [INFO] Profiles total count: 1
2026-08-12 11:15:27.432: [INFO] Profile: name=Profil 1 path=C:\Users\seif9\source\repos\Ruby Exec 1\Ruby Exec 1\bin\x64\Debug\net10.0-windows\Ruby Exec 1.exe.WebView2\EBWebView\Default lastActive=2026-08-12T11:15:11.882Z
2026-08-12 11:15:27.432: [INFO] LastUsedProfileDir: C:\Users\seif9\source\repos\Ruby Exec 1\Ruby Exec 1\bin\x64\Debug\net10.0-windows\Ruby Exec 1.exe.WebView2\EBWebView\Default
2026-08-12 11:15:27.432: [INFO] MostRecentlyActiveProfile: name=Profil 1 path=C:\Users\seif9\source\repos\Ruby Exec 1\Ruby Exec 1\bin\x64\Debug\net10.0-windows\Ruby Exec 1.exe.WebView2\EBWebView\Default lastActive=2026-08-12T11:15:11.882Z
2026-08-12 11:15:27.432: [INFO] OnDoneLoading sync enabled: 0
2026-08-12 11:15:27.432: [INFO] BookmarkModelLoaded, ids_reassigned: 0
2026-08-12 11:15:27.432: [INFO] BookmarksLoadDropped droppedNodes=0
2026-08-12 11:15:27.432: [INFO] BookmarksSnapshot Startup total=0 bar=0 other=0 mobile=0 showBar=0 showBarNTP=1
2026-08-12 11:18:01.116: [INFO] BookmarksSnapshot Shutdown total=0 bar=0 other=0 mobile=0 showBar=0 showBarNTP=1
2026-08-12 11:18:06.151: [INFO] CurrentProfilePath: C:\Users\seif9\source\repos\Ruby Exec 1\Ruby Exec 1\bin\x64\Debug\net10.0-windows\Ruby Exec 1.exe.WebView2\EBWebView\Default
2026-08-12 11:18:06.151: [INFO] Profiles total count: 1
2026-08-12 11:18:06.152: [INFO] Profile: name=Profil 1 path=C:\Users\seif9\source\repos\Ruby Exec 1\Ruby Exec 1\bin\x64\Debug\net10.0-windows\Ruby Exec 1.exe.WebView2\EBWebView\Default lastActive=2026-08-12T11:15:11.882Z
2026-08-12 11:18:06.152: [INFO] LastUsedProfileDir: C:\Users\seif9\source\repos\Ruby Exec 1\Ruby Exec 1\bin\x64\Debug\net10.0-windows\Ruby Exec 1.exe.WebView2\EBWebView\Default
2026-08-12 11:18:06.152: [INFO] MostRecentlyActiveProfile: name=Profil 1 path=C:\Users\seif9\source\repos\Ruby Exec 1\Ruby Exec 1\bin\x64\Debug\net10.0-windows\Ruby Exec 1.exe.WebView2\EBWebView\Default lastActive=2026-08-12T11:15:11.882Z
2026-08-12 11:18:06.152: [INFO] OnDoneLoading sync enabled: 0
2026-08-12 11:18:06.152: [INFO] BookmarkModelLoaded, ids_reassigned: 0
2026-08-12 11:18:06.152: [INFO] BookmarksLoadDropped droppedNodes=0
2026-08-12 11:18:06.152: [INFO] BookmarksSnapshot Startup total=0 bar=0 other=0 mobile=0 showBar=0 showBarNTP=1
2026-08-12 11:18:19.572: [INFO] BookmarksSnapshot Shutdown total=0 bar=0 other=0 mobile=0 showBar=0 showBarNTP=1
2026-08-12 11:18:21.947: [INFO] CurrentProfilePath: C:\Users\seif9\source\repos\Ruby Exec 1\Ruby Exec 1\bin\x64\Debug\net10.0-windows\Ruby Exec 1.exe.WebView2\EBWebView\Default
2026-08-12 11:18:21.947: [INFO] Profiles total count: 1
2026-08-12 11:18:21.947: [INFO] Profile: name=Profil 1 path=C:\Users\seif9\source\repos\Ruby Exec 1\Ruby Exec 1\bin\x64\Debug\net10.0-windows\Ruby Exec 1.exe.WebView2\EBWebView\Default lastActive=2026-08-12T11:15:11.882Z
2026-08-12 11:18:21.947: [INFO] LastUsedProfileDir: C:\Users\seif9\source\repos\Ruby Exec 1\Ruby Exec 1\bin\x64\Debug\net10.0-windows\Ruby Exec 1.exe.WebView2\EBWebView\Default
2026-08-12 11:18:21.947: [INFO] MostRecentlyActiveProfile: name=Profil 1 path=C:\Users\seif9\source\repos\Ruby Exec 1\Ruby Exec 1\bin\x64\Debug\net10.0-windows\Ruby Exec 1.exe.WebView2\EBWebView\Default lastActive=2026-08-12T11:15:11.882Z
2026-08-12 11:18:21.947: [INFO] OnDoneLoading sync enabled: 0
2026-08-12 11:18:21.947: [INFO] BookmarkModelLoaded, ids_reassigned: 0
2026-08-12 11:18:21.947: [INFO] BookmarksLoadDropped droppedNodes=0
2026-08-12 11:18:21.947: [INFO] BookmarksSnapshot Startup total=0 bar=0 other=0 mobile=0 showBar=0 showBarNTP=1
2026-08-12 11:27:45.693: [INFO] BookmarksSnapshot Shutdown total=0 bar=0 other=0 mobile=0 showBar=0 showBarNTP=1
2026-08-12 11:27:51.428: [INFO] CurrentProfilePath: C:\Users\seif9\source\repos\Ruby Exec 1\Ruby Exec 1\bin\x64\Debug\net10.0-windows\Ruby Exec 1.exe.WebView2\EBWebView\Default
2026-08-12 11:27:51.428: [INFO] Profiles total count: 1
2026-08-12 11:27:51.428: [INFO] Profile: name=Profil 1 path=C:\Users\seif9\source\repos\Ruby Exec 1\Ruby Exec 1\bin\x64\Debug\net10.0-windows\Ruby Exec 1.exe.WebView2\EBWebView\Default lastActive=2026-08-12T11:15:11.882Z
2026-08-12 11:27:51.428: [INFO] LastUsedProfileDir: C:\Users\seif9\source\repos\Ruby Exec 1\Ruby Exec 1\bin\x64\Debug\net10.0-windows\Ruby Exec 1.exe.WebView2\EBWebView\Default
2026-08-12 11:27:51.428: [INFO] MostRecentlyActiveProfile: name=Profil 1 path=C:\Users\seif9\source\repos\Ruby Exec 1\Ruby Exec 1\bin\x64\Debug\net10.0-windows\Ruby Exec 1.exe.WebView2\EBWebView\Default lastActive=2026-08-12T11:15:11.882Z
2026-08-12 11:27:51.428: [INFO] OnDoneLoading sync enabled: 0
2026-08-12 11:27:51.428: [INFO] BookmarkModelLoaded, ids_reassigned: 0
2026-08-12 11:27:51.428: [INFO] BookmarksLoadDropped droppedNodes=0
2026-08-12 11:27:51.428: [INFO] BookmarksSnapshot Startup total=0 bar=0 other=0 mobile=0 showBar=0 showBarNTP=1
2026-08-12 11:30:20.584: [INFO] BookmarksSnapshot Shutdown total=0 bar=0 other=0 mobile=0 showBar=0 showBarNTP=1
2026-08-12 11:33:23.562: [INFO] CurrentProfilePath: C:\Users\seif9\source\repos\Ruby Exec 1\Ruby Exec 1\bin\x64\Debug\net10.0-windows\Ruby Exec 1.exe.WebView2\EBWebView\Default
2026-08-12 11:33:23.562: [INFO] Profiles total count: 1
2026-08-12 11:33:23.563: [INFO] Profile: name=Profil 1 path=C:\Users\seif9\source\repos\Ruby Exec 1\Ruby Exec 1\bin\x64\Debug\net10.0-windows\Ruby Exec 1.exe.WebView2\EBWebView\Default lastActive=2026-08-12T11:15:11.882Z
2026-08-12 11:33:23.563: [INFO] LastUsedProfileDir: C:\Users\seif9\source\repos\Ruby Exec 1\Ruby Exec 1\bin\x64\Debug\net10.0-windows\Ruby Exec 1.exe.WebView2\EBWebView\Default
2026-08-12 11:33:23.563: [INFO] MostRecentlyActiveProfile: name=Profil 1 path=C:\Users\seif9\source\repos\Ruby Exec 1\Ruby Exec 1\bin\x64\Debug\net10.0-windows\Ruby Exec 1.exe.WebView2\EBWebView\Default lastActive=2026-08-12T11:15:11.882Z
2026-08-12 11:33:23.563: [INFO] OnDoneLoading sync enabled: 0
2026-08-12 11:33:23.563: [INFO] BookmarkModelLoaded, ids_reassigned: 0
2026-08-12 11:33:23.563: [INFO] BookmarksLoadDropped droppedNodes=0
2026-08-12 11:33:23.563: [INFO] BookmarksSnapshot Startup total=0 bar=0 other=0 mobile=0 showBar=0 showBarNTP=1
2026-08-12 11:38:34.630: [INFO] BookmarksSnapshot Shutdown total=0 bar=0 other=0 mobile=0 showBar=0 showBarNTP=1
2026-08-12 11:38:41.152: [INFO] CurrentProfilePath: C:\Users\seif9\source\repos\Ruby Exec 1\Ruby Exec 1\bin\x64\Debug\net10.0-windows\Ruby Exec 1.exe.WebView2\EBWebView\Default
2026-08-12 11:38:41.152: [INFO] Profiles total count: 1
2026-08-12 11:38:41.152: [INFO] Profile: name=Profil 1 path=C:\Users\seif9\source\repos\Ruby Exec 1\Ruby Exec 1\bin\x64\Debug\net10.0-windows\Ruby Exec 1.exe.WebView2\EBWebView\Default lastActive=2026-08-12T11:15:11.882Z
2026-08-12 11:38:41.152: [INFO] LastUsedProfileDir: C:\Users\seif9\source\repos\Ruby Exec 1\Ruby Exec 1\bin\x64\Debug\net10.0-windows\Ruby Exec 1.exe.WebView2\EBWebView\Default
2026-08-12 11:38:41.152: [INFO] MostRecentlyActiveProfile: name=Profil 1 path=C:\Users\seif9\source\repos\Ruby Exec 1\Ruby Exec 1\bin\x64\Debug\net10.0-windows\Ruby Exec 1.exe.WebView2\EBWebView\Default lastActive=2026-08-12T11:15:11.882Z
2026-08-12 11:38:41.152: [INFO] OnDoneLoading sync enabled: 0
2026-08-12 11:38:41.152: [INFO] BookmarkModelLoaded, ids_reassigned: 0
2026-08-12 11:38:41.152: [INFO] BookmarksLoadDropped droppedNodes=0
2026-08-12 11:38:41.152: [INFO] BookmarksSnapshot Startup total=0 bar=0 other=0 mobile=0 showBar=0 showBarNTP=1
2026-08-12 11:41:29.774: [INFO] BookmarksSnapshot Shutdown total=0 bar=0 other=0 mobile=0 showBar=0 showBarNTP=1
2026-08-12 11:43:47.140: [INFO] CurrentProfilePath: C:\Users\seif9\source\repos\Ruby Exec 1\Ruby Exec 1\bin\x64\Debug\net10.0-windows\Ruby Exec 1.exe.WebView2\EBWebView\Default
2026-08-12 11:43:47.140: [INFO] Profiles total count: 1
2026-08-12 11:43:47.140: [INFO] Profile: name=Profil 1 path=C:\Users\seif9\source\repos\Ruby Exec 1\Ruby Exec 1\bin\x64\Debug\net10.0-windows\Ruby Exec 1.exe.WebView2\EBWebView\Default lastActive=2026-08-12T11:39:57.105Z
2026-08-12 11:43:47.140: [INFO] LastUsedProfileDir: C:\Users\seif9\source\repos\Ruby Exec 1\Ruby Exec 1\bin\x64\Debug\net10.0-windows\Ruby Exec 1.exe.WebView2\EBWebView\Default
2026-08-12 11:43:47.140: [INFO] MostRecentlyActiveProfile: name=Profil 1 path=C:\Users\seif9\source\repos\Ruby Exec 1\Ruby Exec 1\bin\x64\Debug\net10.0-windows\Ruby Exec 1.exe.WebView2\EBWebView\Default lastActive=2026-08-12T11:39:57.105Z
2026-08-12 11:43:47.140: [INFO] OnDoneLoading sync enabled: 0
2026-08-12 11:43:47.140: [INFO] BookmarkModelLoaded, ids_reassigned: 0
2026-08-12 11:43:47.140: [INFO] BookmarksLoadDropped droppedNodes=0
2026-08-12 11:43:47.140: [INFO] BookmarksSnapshot Startup total=0 bar=0 other=0 mobile=0 showBar=0 showBarNTP=1
2026-08-12 11:45:25.465: [INFO] BookmarksSnapshot Shutdown total=0 bar=0 other=0 mobile=0 showBar=0 showBarNTP=1
2026-08-12 12:09:29.734: [INFO] CurrentProfilePath: C:\Users\seif9\source\repos\Ruby Exec 1\Ruby Exec 1\bin\x64\Debug\net10.0-windows\Ruby Exec 1.exe.WebView2\EBWebView\Default
2026-08-12 12:09:29.734: [INFO] Profiles total count: 1
2026-08-12 12:09:29.734: [INFO] Profile: name=Profil 1 path=C:\Users\seif9\source\repos\Ruby Exec 1\Ruby Exec 1\bin\x64\Debug\net10.0-windows\Ruby Exec 1.exe.WebView2\EBWebView\Default lastActive=2026-08-12T11:44:18.379Z
2026-08-12 12:09:29.734: [INFO] LastUsedProfileDir: C:\Users\seif9\source\repos\Ruby Exec 1\Ruby Exec 1\bin\x64\Debug\net10.0-windows\Ruby Exec 1.exe.WebView2\EBWebView\Default
2026-08-12 12:09:29.734: [INFO] MostRecentlyActiveProfile: name=Profil 1 path=C:\Users\seif9\source\repos\Ruby Exec 1\Ruby Exec 1\bin\x64\Debug\net10.0-windows\Ruby Exec 1.exe.WebView2\EBWebView\Default lastActive=2026-08-12T11:44:18.379Z
2026-08-12 12:09:29.734: [INFO] OnDoneLoading sync enabled: 0
2026-08-12 12:09:29.734: [INFO] BookmarkModelLoaded, ids_reassigned: 0
2026-08-12 12:09:29.734: [INFO] BookmarksLoadDropped droppedNodes=0
2026-08-12 12:09:29.734: [INFO] BookmarksSnapshot Startup total=0 bar=0 other=0 mobile=0 showBar=0 showBarNTP=1
2026-08-12 12:13:52.253: [INFO] BookmarksSnapshot Shutdown total=0 bar=0 other=0 mobile=0 showBar=0 showBarNTP=1
2026-08-12 12:34:23.272: [INFO] CurrentProfilePath: C:\Users\seif9\source\repos\Ruby Exec 1\Ruby Exec 1\bin\x64\Debug\net10.0-windows\Ruby Exec 1.exe.WebView2\EBWebView\Default
2026-08-12 12:34:23.272: [INFO] Profiles total count: 1
2026-08-12 12:34:23.272: [INFO] Profile: name=Profil 1 path=C:\Users\seif9\source\repos\Ruby Exec 1\Ruby Exec 1\bin\x64\Debug\net10.0-windows\Ruby Exec 1.exe.WebView2\EBWebView\Default lastActive=2026-08-12T12:10:23.438Z
2026-08-12 12:34:23.272: [INFO] LastUsedProfileDir: C:\Users\seif9\source\repos\Ruby Exec 1\Ruby Exec 1\bin\x64\Debug\net10.0-windows\Ruby Exec 1.exe.WebView2\EBWebView\Default
2026-08-12 12:34:23.273: [INFO] MostRecentlyActiveProfile: name=Profil 1 path=C:\Users\seif9\source\repos\Ruby Exec 1\Ruby Exec 1\bin\x64\Debug\net10.0-windows\Ruby Exec 1.exe.WebView2\EBWebView\Default lastActive=2026-08-12T12:10:23.438Z
2026-08-12 12:34:23.273: [INFO] OnDoneLoading sync enabled: 0
2026-08-12 12:34:23.273: [INFO] BookmarkModelLoaded, ids_reassigned: 0
2026-08-12 12:34:23.273: [INFO] BookmarksLoadDropped droppedNodes=0
2026-08-12 12:34:23.273: [INFO] BookmarksSnapshot Startup total=0 bar=0 other=0 mobile=0 showBar=0 showBarNTP=1
2026-08-12 13:06:07.629: [INFO] BookmarksSnapshot Shutdown total=0 bar=0 other=0 mobile=0 showBar=0 showBarNTP=1
2026-08-12 13:06:16.845: [INFO] CurrentProfilePath: C:\Users\seif9\source\repos\Ruby Exec 1\Ruby Exec 1\bin\x64\Debug\net10.0-windows\Ruby Exec 1.exe.WebView2\EBWebView\Default
2026-08-12 13:06:16.845: [INFO] Profiles total count: 1
2026-08-12 13:06:16.846: [INFO] Profile: name=Profil 1 path=C:\Users\seif9\source\repos\Ruby Exec 1\Ruby Exec 1\bin\x64\Debug\net10.0-windows\Ruby Exec 1.exe.WebView2\EBWebView\Default lastActive=2026-08-12T12:35:10.355Z
2026-08-12 13:06:16.846: [INFO] LastUsedProfileDir: C:\Users\seif9\source\repos\Ruby Exec 1\Ruby Exec 1\bin\x64\Debug\net10.0-windows\Ruby Exec 1.exe.WebView2\EBWebView\Default
2026-08-12 13:06:16.846: [INFO] MostRecentlyActiveProfile: name=Profil 1 path=C:\Users\seif9\source\repos\Ruby Exec 1\Ruby Exec 1\bin\x64\Debug\net10.0-windows\Ruby Exec 1.exe.WebView2\EBWebView\Default lastActive=2026-08-12T12:35:10.355Z
2026-08-12 13:06:16.846: [INFO] OnDoneLoading sync enabled: 0
2026-08-12 13:06:16.846: [INFO] BookmarkModelLoaded, ids_reassigned: 0
2026-08-12 13:06:16.846: [INFO] BookmarksLoadDropped droppedNodes=0
2026-08-12 13:06:16.846: [INFO] BookmarksSnapshot Startup total=0 bar=0 other=0 mobile=0 showBar=0 showBarNTP=1
2026-08-12 13:09:39.517: [INFO] BookmarksSnapshot Shutdown total=0 bar=0 other=0 mobile=0 showBar=0 showBarNTP=1
2026-08-12 13:38:57.768: [INFO] CurrentProfilePath: C:\Users\seif9\source\repos\Ruby Exec 1\Ruby Exec 1\bin\x64\Debug\net10.0-windows\Ruby Exec 1.exe.WebView2\EBWebView\Default
2026-08-12 13:38:57.768: [INFO] Profiles total count: 1
2026-08-12 13:38:57.770: [INFO] Profile: name=Profil 1 path=C:\Users\seif9\source\repos\Ruby Exec 1\Ruby Exec 1\bin\x64\Debug\net10.0-windows\Ruby Exec 1.exe.WebView2\EBWebView\Default lastActive=2026-08-12T13:09:31.760Z
2026-08-12 13:38:57.770: [INFO] LastUsedProfileDir: C:\Users\seif9\source\repos\Ruby Exec 1\Ruby Exec 1\bin\x64\Debug\net10.0-windows\Ruby Exec 1.exe.WebView2\EBWebView\Default
2026-08-12 13:38:57.770: [INFO] MostRecentlyActiveProfile: name=Profil 1 path=C:\Users\seif9\source\repos\Ruby Exec 1\Ruby Exec 1\bin\x64\Debug\net10.0-windows\Ruby Exec 1.exe.WebView2\EBWebView\Default lastActive=2026-08-12T13:09:31.760Z
2026-08-12 13:38:57.770: [INFO] OnDoneLoading sync enabled: 0
2026-08-12 13:38:57.770: [INFO] BookmarkModelLoaded, ids_reassigned: 0
2026-08-12 13:38:57.770: [INFO] BookmarksLoadDropped droppedNodes=0
2026-08-12 13:38:57.770: [INFO] BookmarksSnapshot Startup total=0 bar=0 other=0 mobile=0 showBar=0 showBarNTP=1
2026-08-12 13:40:35.236: [INFO] BookmarksSnapshot Shutdown total=0 bar=0 other=0 mobile=0 showBar=0 showBarNTP=1
2026-08-12 14:17:49.341: [INFO] CurrentProfilePath: C:\Users\seif9\source\repos\Ruby Exec 1\Ruby Exec 1\bin\x64\Debug\net10.0-windows\Ruby Exec 1.exe.WebView2\EBWebView\Default
2026-08-12 14:17:49.341: [INFO] Profiles total count: 1
2026-08-12 14:17:49.343: [INFO] Profile: name=Profil 1 path=C:\Users\seif9\source\repos\Ruby Exec 1\Ruby Exec 1\bin\x64\Debug\net10.0-windows\Ruby Exec 1.exe.WebView2\EBWebView\Default lastActive=2026-08-12T14:09:11.909Z
2026-08-12 14:17:49.343: [INFO] LastUsedProfileDir: C:\Users\seif9\source\repos\Ruby Exec 1\Ruby Exec 1\bin\x64\Debug\net10.0-windows\Ruby Exec 1.exe.WebView2\EBWebView\Default
2026-08-12 14:17:49.343: [INFO] MostRecentlyActiveProfile: name=Profil 1 path=C:\Users\seif9\source\repos\Ruby Exec 1\Ruby Exec 1\bin\x64\Debug\net10.0-windows\Ruby Exec 1.exe.WebView2\EBWebView\Default lastActive=2026-08-12T14:09:11.909Z
2026-08-12 14:17:49.343: [INFO] OnDoneLoading sync enabled: 0
2026-08-12 14:17:49.343: [INFO] BookmarkModelLoaded, ids_reassigned: 0
2026-08-12 14:17:49.343: [INFO] BookmarksLoadDropped droppedNodes=0
2026-08-12 14:17:49.343: [INFO] BookmarksSnapshot Startup total=0 bar=0 other=0 mobile=0 showBar=0 showBarNTP=1
2026-08-12 14:18:13.451: [INFO] BookmarksSnapshot Shutdown total=0 bar=0 other=0 mobile=0 showBar=0 showBarNTP=1
2026-08-12 14:21:09.819: [INFO] CurrentProfilePath: C:\Users\seif9\source\repos\Ruby Exec 1\Ruby Exec 1\bin\x64\Debug\net10.0-windows\Ruby Exec 1.exe.WebView2\EBWebView\Default
2026-08-12 14:21:09.819: [INFO] Profiles total count: 1
2026-08-12 14:21:09.821: [INFO] Profile: name=Profil 1 path=C:\Users\seif9\source\repos\Ruby Exec 1\Ruby Exec 1\bin\x64\Debug\net10.0-windows\Ruby Exec 1.exe.WebView2\EBWebView\Default lastActive=2026-08-12T14:09:11.909Z
2026-08-12 14:21:09.821: [INFO] LastUsedProfileDir: C:\Users\seif9\source\repos\Ruby Exec 1\Ruby Exec 1\bin\x64\Debug\net10.0-windows\Ruby Exec 1.exe.WebView2\EBWebView\Default
2026-08-12 14:21:09.821: [INFO] MostRecentlyActiveProfile: name=Profil 1 path=C:\Users\seif9\source\repos\Ruby Exec 1\Ruby Exec 1\bin\x64\Debug\net10.0-windows\Ruby Exec 1.exe.WebView2\EBWebView\Default lastActive=2026-08-12T14:09:11.909Z
2026-08-12 14:21:09.821: [INFO] OnDoneLoading sync enabled: 0
2026-08-12 14:21:09.821: [INFO] BookmarkModelLoaded, ids_reassigned: 0
2026-08-12 14:21:09.821: [INFO] BookmarksLoadDropped droppedNodes=0
2026-08-12 14:21:09.821: [INFO] BookmarksSnapshot Startup total=0 bar=0 other=0 mobile=0 showBar=0 showBarNTP=1
2026-08-12 14:21:58.442: [INFO] BookmarksSnapshot Shutdown total=0 bar=0 other=0 mobile=0 showBar=0 showBarNTP=1
2026-08-12 14:22:32.318: [INFO] CurrentProfilePath: C:\Users\seif9\source\repos\Ruby Exec 1\Ruby Exec 1\bin\x64\Debug\net10.0-windows\Ruby Exec 1.exe.WebView2\EBWebView\Default
2026-08-12 14:22:32.318: [INFO] Profiles total count: 1
2026-08-12 14:22:32.318: [INFO] Profile: name=Profil 1 path=C:\Users\seif9\source\repos\Ruby Exec 1\Ruby Exec 1\bin\x64\Debug\net10.0-windows\Ruby Exec 1.exe.WebView2\EBWebView\Default lastActive=2026-08-12T14:21:16.419Z
2026-08-12 14:22:32.318: [INFO] LastUsedProfileDir: C:\Users\seif9\source\repos\Ruby Exec 1\Ruby Exec 1\bin\x64\Debug\net10.0-windows\Ruby Exec 1.exe.WebView2\EBWebView\Default
2026-08-12 14:22:32.318: [INFO] MostRecentlyActiveProfile: name=Profil 1 path=C:\Users\seif9\source\repos\Ruby Exec 1\Ruby Exec 1\bin\x64\Debug\net10.0-windows\Ruby Exec 1.exe.WebView2\EBWebView\Default lastActive=2026-08-12T14:21:16.419Z
2026-08-12 14:22:32.318: [INFO] OnDoneLoading sync enabled: 0
2026-08-12 14:22:32.318: [INFO] BookmarkModelLoaded, ids_reassigned: 0
2026-08-12 14:22:32.318: [INFO] BookmarksLoadDropped droppedNodes=0
2026-08-12 14:22:32.318: [INFO] BookmarksSnapshot Startup total=0 bar=0 other=0 mobile=0 showBar=0 showBarNTP=1
2026-08-12 14:24:07.735: [INFO] BookmarksSnapshot Shutdown total=0 bar=0 other=0 mobile=0 showBar=0 showBarNTP=1
2026-08-12 14:24:11.337: [INFO] CurrentProfilePath: C:\Users\seif9\source\repos\Ruby Exec 1\Ruby Exec 1\bin\x64\Debug\net10.0-windows\Ruby Exec 1.exe.WebView2\EBWebView\Default
2026-08-12 14:24:11.337: [INFO] Profiles total count: 1
2026-08-12 14:24:11.337: [INFO] Profile: name=Profil 1 path=C:\Users\seif9\source\repos\Ruby Exec 1\Ruby Exec 1\bin\x64\Debug\net10.0-windows\Ruby Exec 1.exe.WebView2\EBWebView\Default lastActive=2026-08-12T14:23:34.166Z
2026-08-12 14:24:11.337: [INFO] LastUsedProfileDir: C:\Users\seif9\source\repos\Ruby Exec 1\Ruby Exec 1\bin\x64\Debug\net10.0-windows\Ruby Exec 1.exe.WebView2\EBWebView\Default
2026-08-12 14:24:11.337: [INFO] MostRecentlyActiveProfile: name=Profil 1 path=C:\Users\seif9\source\repos\Ruby Exec 1\Ruby Exec 1\bin\x64\Debug\net10.0-windows\Ruby Exec 1.exe.WebView2\EBWebView\Default lastActive=2026-08-12T14:23:34.166Z
2026-08-12 14:24:11.337: [INFO] OnDoneLoading sync enabled: 0
2026-08-12 14:24:11.337: [INFO] BookmarkModelLoaded, ids_reassigned: 0
2026-08-12 14:24:11.337: [INFO] BookmarksLoadDropped droppedNodes=0
2026-08-12 14:24:11.337: [INFO] BookmarksSnapshot Startup total=0 bar=0 other=0 mobile=0 showBar=0 showBarNTP=1
2026-08-12 14:29:58.177: [INFO] BookmarksSnapshot Shutdown total=0 bar=0 other=0 mobile=0 showBar=0 showBarNTP=1
2026-08-12 14:30:03.279: [INFO] CurrentProfilePath: C:\Users\seif9\source\repos\Ruby Exec 1\Ruby Exec 1\bin\x64\Debug\net10.0-windows\Ruby Exec 1.exe.WebView2\EBWebView\Default
2026-08-12 14:30:03.279: [INFO] Profiles total count: 1
2026-08-12 14:30:03.280: [INFO] Profile: name=Profil 1 path=C:\Users\seif9\source\repos\Ruby Exec 1\Ruby Exec 1\bin\x64\Debug\net10.0-windows\Ruby Exec 1.exe.WebView2\EBWebView\Default lastActive=2026-08-12T14:26:14.082Z
2026-08-12 14:30:03.280: [INFO] LastUsedProfileDir: C:\Users\seif9\source\repos\Ruby Exec 1\Ruby Exec 1\bin\x64\Debug\net10.0-windows\Ruby Exec 1.exe.WebView2\EBWebView\Default
2026-08-12 14:30:03.281: [INFO] MostRecentlyActiveProfile: name=Profil 1 path=C:\Users\seif9\source\repos\Ruby Exec 1\Ruby Exec 1\bin\x64\Debug\net10.0-windows\Ruby Exec 1.exe.WebView2\EBWebView\Default lastActive=2026-08-12T14:26:14.082Z
2026-08-12 14:30:03.281: [INFO] OnDoneLoading sync enabled: 0
2026-08-12 14:30:03.281: [INFO] BookmarkModelLoaded, ids_reassigned: 0
2026-08-12 14:30:03.281: [INFO] BookmarksLoadDropped droppedNodes=0
2026-08-12 14:30:03.281: [INFO] BookmarksSnapshot Startup total=0 bar=0 other=0 mobile=0 showBar=0 showBarNTP=1
2026-08-12 14:32:51.079: [INFO] BookmarksSnapshot Shutdown total=0 bar=0 other=0 mobile=0 showBar=0 showBarNTP=1
2026-08-12 14:32:53.378: [INFO] CurrentProfilePath: C:\Users\seif9\source\repos\Ruby Exec 1\Ruby Exec 1\bin\x64\Debug\net10.0-windows\Ruby Exec 1.exe.WebView2\EBWebView\Default
2026-08-12 14:32:53.378: [INFO] Profiles total count: 1
2026-08-12 14:32:53.378: [INFO] Profile: name=Profil 1 path=C:\Users\seif9\source\repos\Ruby Exec 1\Ruby Exec 1\bin\x64\Debug\net10.0-windows\Ruby Exec 1.exe.WebView2\EBWebView\Default lastActive=2026-08-12T14:32:48.334Z
2026-08-12 14:32:53.378: [INFO] LastUsedProfileDir: C:\Users\seif9\source\repos\Ruby Exec 1\Ruby Exec 1\bin\x64\Debug\net10.0-windows\Ruby Exec 1.exe.WebView2\EBWebView\Default
2026-08-12 14:32:53.379: [INFO] MostRecentlyActiveProfile: name=Profil 1 path=C:\Users\seif9\source\repos\Ruby Exec 1\Ruby Exec 1\bin\x64\Debug\net10.0-windows\Ruby Exec 1.exe.WebView2\EBWebView\Default lastActive=2026-08-12T14:32:48.334Z
2026-08-12 14:32:53.379: [INFO] OnDoneLoading sync enabled: 0
2026-08-12 14:32:53.379: [INFO] BookmarkModelLoaded, ids_reassigned: 0
2026-08-12 14:32:53.379: [INFO] BookmarksLoadDropped droppedNodes=0
2026-08-12 14:32:53.379: [INFO] BookmarksSnapshot Startup total=0 bar=0 other=0 mobile=0 showBar=0 showBarNTP=1
2026-08-12 14:35:23.377: [INFO] BookmarksSnapshot Shutdown total=0 bar=0 other=0 mobile=0 showBar=0 showBarNTP=1
2026-08-12 14:38:29.833: [INFO] CurrentProfilePath: C:\Users\seif9\source\repos\Ruby Exec 1\Ruby Exec 1\bin\x64\Debug\net10.0-windows\Ruby Exec 1.exe.WebView2\EBWebView\Default
2026-08-12 14:38:29.833: [INFO] Profiles total count: 1
2026-08-12 14:38:29.833: [INFO] Profile: name=Profil 1 path=C:\Users\seif9\source\repos\Ruby Exec 1\Ruby Exec 1\bin\x64\Debug\net10.0-windows\Ruby Exec 1.exe.WebView2\EBWebView\Default lastActive=2026-08-12T14:36:37.272Z
2026-08-12 14:38:29.833: [INFO] LastUsedProfileDir: C:\Users\seif9\source\repos\Ruby Exec 1\Ruby Exec 1\bin\x64\Debug\net10.0-windows\Ruby Exec 1.exe.WebView2\EBWebView\Default
2026-08-12 14:38:29.833: [INFO] MostRecentlyActiveProfile: name=Profil 1 path=C:\Users\seif9\source\repos\Ruby Exec 1\Ruby Exec 1\bin\x64\Debug\net10.0-windows\Ruby Exec 1.exe.WebView2\EBWebView\Default lastActive=2026-08-12T14:36:37.272Z
2026-08-12 14:38:29.833: [INFO] OnDoneLoading sync enabled: 0
2026-08-12 14:38:29.833: [INFO] BookmarkModelLoaded, ids_reassigned: 0
2026-08-12 14:38:29.833: [INFO] BookmarksLoadDropped droppedNodes=0
2026-08-12 14:38:29.833: [INFO] BookmarksSnapshot Startup total=0 bar=0 other=0 mobile=0 showBar=0 showBarNTP=1
2026-08-12 14:41:57.039: [INFO] BookmarksSnapshot Shutdown total=0 bar=0 other=0 mobile=0 showBar=0 showBarNTP=1
2026-08-12 14:42:02.867: [INFO] CurrentProfilePath: C:\Users\seif9\source\repos\Ruby Exec 1\Ruby Exec 1\bin\x64\Debug\net10.0-windows\Ruby Exec 1.exe.WebView2\EBWebView\Default
2026-08-12 14:42:02.867: [INFO] Profiles total count: 1
2026-08-12 14:42:02.867: [INFO] Profile: name=Profil 1 path=C:\Users\seif9\source\repos\Ruby Exec 1\Ruby Exec 1\bin\x64\Debug\net10.0-windows\Ruby Exec 1.exe.WebView2\EBWebView\Default lastActive=2026-08-12T14:39:37.309Z
2026-08-12 14:42:02.867: [INFO] LastUsedProfileDir: C:\Users\seif9\source\repos\Ruby Exec 1\Ruby Exec 1\bin\x64\Debug\net10.0-windows\Ruby Exec 1.exe.WebView2\EBWebView\Default
2026-08-12 14:42:02.867: [INFO] MostRecentlyActiveProfile: name=Profil 1 path=C:\Users\seif9\source\repos\Ruby Exec 1\Ruby Exec 1\bin\x64\Debug\net10.0-windows\Ruby Exec 1.exe.WebView2\EBWebView\Default lastActive=2026-08-12T14:39:37.309Z
2026-08-12 14:42:02.867: [INFO] OnDoneLoading sync enabled: 0
2026-08-12 14:42:02.867: [INFO] BookmarkModelLoaded, ids_reassigned: 0
2026-08-12 14:42:02.867: [INFO] BookmarksLoadDropped droppedNodes=0
2026-08-12 14:42:02.867: [INFO] BookmarksSnapshot Startup total=0 bar=0 other=0 mobile=0 showBar=0 showBarNTP=1
2026-08-12 14:42:24.952: [INFO] BookmarksSnapshot Shutdown total=0 bar=0 other=0 mobile=0 showBar=0 showBarNTP=1
2026-08-12 14:42:29.256: [INFO] CurrentProfilePath: C:\Users\seif9\source\repos\Ruby Exec 1\Ruby Exec 1\bin\x64\Debug\net10.0-windows\Ruby Exec 1.exe.WebView2\EBWebView\Default
2026-08-12 14:42:29.256: [INFO] Profiles total count: 1
2026-08-12 14:42:29.256: [INFO] Profile: name=Profil 1 path=C:\Users\seif9\source\repos\Ruby Exec 1\Ruby Exec 1\bin\x64\Debug\net10.0-windows\Ruby Exec 1.exe.WebView2\EBWebView\Default lastActive=2026-08-12T14:42:06.314Z
2026-08-12 14:42:29.256: [INFO] LastUsedProfileDir: C:\Users\seif9\source\repos\Ruby Exec 1\Ruby Exec 1\bin\x64\Debug\net10.0-windows\Ruby Exec 1.exe.WebView2\EBWebView\Default
2026-08-12 14:42:29.256: [INFO] MostRecentlyActiveProfile: name=Profil 1 path=C:\Users\seif9\source\repos\Ruby Exec 1\Ruby Exec 1\bin\x64\Debug\net10.0-windows\Ruby Exec 1.exe.WebView2\EBWebView\Default lastActive=2026-08-12T14:42:06.314Z
2026-08-12 14:42:29.256: [INFO] OnDoneLoading sync enabled: 0
2026-08-12 14:42:29.256: [INFO] BookmarkModelLoaded, ids_reassigned: 0
2026-08-12 14:42:29.256: [INFO] BookmarksLoadDropped droppedNodes=0
2026-08-12 14:42:29.256: [INFO] BookmarksSnapshot Startup total=0 bar=0 other=0 mobile=0 showBar=0 showBarNTP=1
2026-08-12 14:50:59.798: [INFO] BookmarksSnapshot Shutdown total=0 bar=0 other=0 mobile=0 showBar=0 showBarNTP=1
2026-08-12 14:51:11.020: [INFO] CurrentProfilePath: C:\Users\seif9\source\repos\Ruby Exec 1\Ruby Exec 1\bin\x64\Debug\net10.0-windows\Ruby Exec 1.exe.WebView2\EBWebView\Default
2026-08-12 14:51:11.020: [INFO] Profiles total count: 1
2026-08-12 14:51:11.020: [INFO] Profile: name=Profil 1 path=C:\Users\seif9\source\repos\Ruby Exec 1\Ruby Exec 1\bin\x64\Debug\net10.0-windows\Ruby Exec 1.exe.WebView2\EBWebView\Default lastActive=2026-08-12T14:48:32.731Z
2026-08-12 14:51:11.020: [INFO] LastUsedProfileDir: C:\Users\seif9\source\repos\Ruby Exec 1\Ruby Exec 1\bin\x64\Debug\net10.0-windows\Ruby Exec 1.exe.WebView2\EBWebView\Default
2026-08-12 14:51:11.020: [INFO] MostRecentlyActiveProfile: name=Profil 1 path=C:\Users\seif9\source\repos\Ruby Exec 1\Ruby Exec 1\bin\x64\Debug\net10.0-windows\Ruby Exec 1.exe.WebView2\EBWebView\Default lastActive=2026-08-12T14:48:32.731Z
2026-08-12 14:51:11.020: [INFO] OnDoneLoading sync enabled: 0
2026-08-12 14:51:11.020: [INFO] BookmarkModelLoaded, ids_reassigned: 0
2026-08-12 14:51:11.020: [INFO] BookmarksLoadDropped droppedNodes=0
2026-08-12 14:51:11.020: [INFO] BookmarksSnapshot Startup total=0 bar=0 other=0 mobile=0 showBar=0 showBarNTP=1
2026-08-12 14:59:45.981: [INFO] BookmarksSnapshot Shutdown total=0 bar=0 other=0 mobile=0 showBar=0 showBarNTP=1
2026-08-12 15:03:54.787: [INFO] CurrentProfilePath: C:\Users\seif9\source\repos\Ruby Exec 1\Ruby Exec 1\bin\x64\Debug\net10.0-windows\Ruby Exec 1.exe.WebView2\EBWebView\Default
2026-08-12 15:03:54.787: [INFO] Profiles total count: 1
2026-08-12 15:03:54.788: [INFO] Profile: name=Profil 1 path=C:\Users\seif9\source\repos\Ruby Exec 1\Ruby Exec 1\bin\x64\Debug\net10.0-windows\Ruby Exec 1.exe.WebView2\EBWebView\Default lastActive=2026-08-12T14:51:14.859Z
2026-08-12 15:03:54.788: [INFO] LastUsedProfileDir: C:\Users\seif9\source\repos\Ruby Exec 1\Ruby Exec 1\bin\x64\Debug\net10.0-windows\Ruby Exec 1.exe.WebView2\EBWebView\Default
2026-08-12 15:03:54.788: [INFO] MostRecentlyActiveProfile: name=Profil 1 path=C:\Users\seif9\source\repos\Ruby Exec 1\Ruby Exec 1\bin\x64\Debug\net10.0-windows\Ruby Exec 1.exe.WebView2\EBWebView\Default lastActive=2026-08-12T14:51:14.859Z
2026-08-12 15:03:54.788: [INFO] OnDoneLoading sync enabled: 0
2026-08-12 15:03:54.788: [INFO] BookmarkModelLoaded, ids_reassigned: 0
2026-08-12 15:03:54.788: [INFO] BookmarksLoadDropped droppedNodes=0
2026-08-12 15:03:54.788: [INFO] BookmarksSnapshot Startup total=0 bar=0 other=0 mobile=0 showBar=0 showBarNTP=1
2026-08-12 15:05:56.465: [INFO] BookmarksSnapshot Shutdown total=0 bar=0 other=0 mobile=0 showBar=0 showBarNTP=1
2026-08-12 15:07:30.017: [INFO] CurrentProfilePath: C:\Users\seif9\source\repos\Ruby Exec 1\Ruby Exec 1\bin\x64\Debug\net10.0-windows\Ruby Exec 1.exe.WebView2\EBWebView\Default
2026-08-12 15:07:30.017: [INFO] Profiles total count: 1
2026-08-12 15:07:30.017: [INFO] Profile: name=Profil 1 path=C:\Users\seif9\source\repos\Ruby Exec 1\Ruby Exec 1\bin\x64\Debug\net10.0-windows\Ruby Exec 1.exe.WebView2\EBWebView\Default lastActive=2026-08-12T15:04:22.134Z
2026-08-12 15:07:30.017: [INFO] LastUsedProfileDir: C:\Users\seif9\source\repos\Ruby Exec 1\Ruby Exec 1\bin\x64\Debug\net10.0-windows\Ruby Exec 1.exe.WebView2\EBWebView\Default
2026-08-12 15:07:30.017: [INFO] MostRecentlyActiveProfile: name=Profil 1 path=C:\Users\seif9\source\repos\Ruby Exec 1\Ruby Exec 1\bin\x64\Debug\net10.0-windows\Ruby Exec 1.exe.WebView2\EBWebView\Default lastActive=2026-08-12T15:04:22.134Z
2026-08-12 15:07:30.017: [INFO] OnDoneLoading sync enabled: 0
2026-08-12 15:07:30.017: [INFO] BookmarkModelLoaded, ids_reassigned: 0
2026-08-12 15:07:30.017: [INFO] BookmarksLoadDropped droppedNodes=0
2026-08-12 15:07:30.017: [INFO] BookmarksSnapshot Startup total=0 bar=0 other=0 mobile=0 showBar=0 showBarNTP=1
2026-08-12 15:13:56.872: [INFO] BookmarksSnapshot Shutdown total=0 bar=0 other=0 mobile=0 showBar=0 showBarNTP=1
2026-08-12 15:14:00.689: [INFO] CurrentProfilePath: C:\Users\seif9\source\repos\Ruby Exec 1\Ruby Exec 1\bin\x64\Debug\net10.0-windows\Ruby Exec 1.exe.WebView2\EBWebView\Default
2026-08-12 15:14:00.689: [INFO] Profiles total count: 1
2026-08-12 15:14:00.689: [INFO] Profile: name=Profil 1 path=C:\Users\seif9\source\repos\Ruby Exec 1\Ruby Exec 1\bin\x64\Debug\net10.0-windows\Ruby Exec 1.exe.WebView2\EBWebView\Default lastActive=2026-08-12T15:04:22.134Z
2026-08-12 15:14:00.689: [INFO] LastUsedProfileDir: C:\Users\seif9\source\repos\Ruby Exec 1\Ruby Exec 1\bin\x64\Debug\net10.0-windows\Ruby Exec 1.exe.WebView2\EBWebView\Default
2026-08-12 15:14:00.689: [INFO] MostRecentlyActiveProfile: name=Profil 1 path=C:\Users\seif9\source\repos\Ruby Exec 1\Ruby Exec 1\bin\x64\Debug\net10.0-windows\Ruby Exec 1.exe.WebView2\EBWebView\Default lastActive=2026-08-12T15:04:22.134Z
2026-08-12 15:14:00.689: [INFO] OnDoneLoading sync enabled: 0
2026-08-12 15:14:00.689: [INFO] BookmarkModelLoaded, ids_reassigned: 0
2026-08-12 15:14:00.689: [INFO] BookmarksLoadDropped droppedNodes=0
2026-08-12 15:14:00.689: [INFO] BookmarksSnapshot Startup total=0 bar=0 other=0 mobile=0 showBar=0 showBarNTP=1
2026-08-12 15:14:20.457: [INFO] BookmarksSnapshot Shutdown total=0 bar=0 other=0 mobile=0 showBar=0 showBarNTP=1
2026-08-12 15:14:22.465: [INFO] CurrentProfilePath: C:\Users\seif9\source\repos\Ruby Exec 1\Ruby Exec 1\bin\x64\Debug\net10.0-windows\Ruby Exec 1.exe.WebView2\EBWebView\Default
2026-08-12 15:14:22.466: [INFO] Profiles total count: 1
2026-08-12 15:14:22.466: [INFO] Profile: name=Profil 1 path=C:\Users\seif9\source\repos\Ruby Exec 1\Ruby Exec 1\bin\x64\Debug\net10.0-windows\Ruby Exec 1.exe.WebView2\EBWebView\Default lastActive=2026-08-12T15:04:22.134Z
2026-08-12 15:14:22.466: [INFO] LastUsedProfileDir: C:\Users\seif9\source\repos\Ruby Exec 1\Ruby Exec 1\bin\x64\Debug\net10.0-windows\Ruby Exec 1.exe.WebView2\EBWebView\Default
2026-08-12 15:14:22.466: [INFO] MostRecentlyActiveProfile: name=Profil 1 path=C:\Users\seif9\source\repos\Ruby Exec 1\Ruby Exec 1\bin\x64\Debug\net10.0-windows\Ruby Exec 1.exe.WebView2\EBWebView\Default lastActive=2026-08-12T15:04:22.134Z
2026-08-12 15:14:22.466: [INFO] OnDoneLoading sync enabled: 0
2026-08-12 15:14:22.466: [INFO] BookmarkModelLoaded, ids_reassigned: 0
2026-08-12 15:14:22.466: [INFO] BookmarksLoadDropped droppedNodes=0
2026-08-12 15:14:22.466: [INFO] BookmarksSnapshot Startup total=0 bar=0 other=0 mobile=0 showBar=0 showBarNTP=1
2026-08-12 15:22:14.125: [INFO] BookmarksSnapshot Shutdown total=0 bar=0 other=0 mobile=0 showBar=0 showBarNTP=1
2026-08-12 15:23:38.830: [INFO] CurrentProfilePath: C:\Users\seif9\source\repos\Ruby Exec 1\Ruby Exec 1\bin\x64\Debug\net10.0-windows\Ruby Exec 1.exe.WebView2\EBWebView\Default
2026-08-12 15:23:38.830: [INFO] Profiles total count: 1
2026-08-12 15:23:38.832: [INFO] Profile: name=Profil 1 path=C:\Users\seif9\source\repos\Ruby Exec 1\Ruby Exec 1\bin\x64\Debug\net10.0-windows\Ruby Exec 1.exe.WebView2\EBWebView\Default lastActive=2026-08-12T15:22:32.098Z
2026-08-12 15:23:38.832: [INFO] LastUsedProfileDir: C:\Users\seif9\source\repos\Ruby Exec 1\Ruby Exec 1\bin\x64\Debug\net10.0-windows\Ruby Exec 1.exe.WebView2\EBWebView\Default
2026-08-12 15:23:38.832: [INFO] MostRecentlyActiveProfile: name=Profil 1 path=C:\Users\seif9\source\repos\Ruby Exec 1\Ruby Exec 1\bin\x64\Debug\net10.0-windows\Ruby Exec 1.exe.WebView2\EBWebView\Default lastActive=2026-08-12T15:22:32.098Z
2026-08-12 15:23:38.832: [INFO] OnDoneLoading sync enabled: 0
2026-08-12 15:23:38.832: [INFO] BookmarkModelLoaded, ids_reassigned: 0
2026-08-12 15:23:38.832: [INFO] BookmarksLoadDropped droppedNodes=0
2026-08-12 15:23:38.832: [INFO] BookmarksSnapshot Startup total=0 bar=0 other=0 mobile=0 showBar=0 showBarNTP=1
2026-08-12 15:28:18.366: [INFO] BookmarksSnapshot Shutdown total=0 bar=0 other=0 mobile=0 showBar=0 showBarNTP=1
2026-08-12 15:31:28.419: [INFO] CurrentProfilePath: C:\Users\seif9\source\repos\Ruby Exec 1\Ruby Exec 1\bin\x64\Debug\net10.0-windows\Ruby Exec 1.exe.WebView2\EBWebView\Default
2026-08-12 15:31:28.419: [INFO] Profiles total count: 1
2026-08-12 15:31:28.420: [INFO] Profile: name=Profil 1 path=C:\Users\seif9\source\repos\Ruby Exec 1\Ruby Exec 1\bin\x64\Debug\net10.0-windows\Ruby Exec 1.exe.WebView2\EBWebView\Default lastActive=2026-08-12T15:25:20.984Z
2026-08-12 15:31:28.420: [INFO] LastUsedProfileDir: C:\Users\seif9\source\repos\Ruby Exec 1\Ruby Exec 1\bin\x64\Debug\net10.0-windows\Ruby Exec 1.exe.WebView2\EBWebView\Default
2026-08-12 15:31:28.420: [INFO] MostRecentlyActiveProfile: name=Profil 1 path=C:\Users\seif9\source\repos\Ruby Exec 1\Ruby Exec 1\bin\x64\Debug\net10.0-windows\Ruby Exec 1.exe.WebView2\EBWebView\Default lastActive=2026-08-12T15:25:20.984Z
2026-08-12 15:31:28.420: [INFO] OnDoneLoading sync enabled: 0
2026-08-12 15:31:28.420: [INFO] BookmarkModelLoaded, ids_reassigned: 0
2026-08-12 15:31:28.420: [INFO] BookmarksLoadDropped droppedNodes=0
2026-08-12 15:31:28.420: [INFO] BookmarksSnapshot Startup total=0 bar=0 other=0 mobile=0 showBar=0 showBarNTP=1
2026-08-12 15:34:24.077: [INFO] BookmarksSnapshot Shutdown total=0 bar=0 other=0 mobile=0 showBar=0 showBarNTP=1
2026-08-12 15:34:29.518: [INFO] CurrentProfilePath: C:\Users\seif9\source\repos\Ruby Exec 1\Ruby Exec 1\bin\x64\Debug\net10.0-windows\Ruby Exec 1.exe.WebView2\EBWebView\Default
2026-08-12 15:34:29.518: [INFO] Profiles total count: 1
2026-08-12 15:34:29.519: [INFO] Profile: name=Profil 1 path=C:\Users\seif9\source\repos\Ruby Exec 1\Ruby Exec 1\bin\x64\Debug\net10.0-windows\Ruby Exec 1.exe.WebView2\EBWebView\Default lastActive=2026-08-12T15:32:30.962Z
2026-08-12 15:34:29.519: [INFO] LastUsedProfileDir: C:\Users\seif9\source\repos\Ruby Exec 1\Ruby Exec 1\bin\x64\Debug\net10.0-windows\Ruby Exec 1.exe.WebView2\EBWebView\Default
2026-08-12 15:34:29.519: [INFO] MostRecentlyActiveProfile: name=Profil 1 path=C:\Users\seif9\source\repos\Ruby Exec 1\Ruby Exec 1\bin\x64\Debug\net10.0-windows\Ruby Exec 1.exe.WebView2\EBWebView\Default lastActive=2026-08-12T15:32:30.962Z
2026-08-12 15:34:29.519: [INFO] OnDoneLoading sync enabled: 0
2026-08-12 15:34:29.519: [INFO] BookmarkModelLoaded, ids_reassigned: 0
2026-08-12 15:34:29.519: [INFO] BookmarksLoadDropped droppedNodes=0
2026-08-12 15:34:29.519: [INFO] BookmarksSnapshot Startup total=0 bar=0 other=0 mobile=0 showBar=0 showBarNTP=1
2026-08-12 15:38:04.789: [INFO] BookmarksSnapshot Shutdown total=0 bar=0 other=0 mobile=0 showBar=0 showBarNTP=1
2026-08-12 15:38:09.273: [INFO] CurrentProfilePath: C:\Users\seif9\source\repos\Ruby Exec 1\Ruby Exec 1\bin\x64\Debug\net10.0-windows\Ruby Exec 1.exe.WebView2\EBWebView\Default
2026-08-12 15:38:09.273: [INFO] Profiles total count: 1
2026-08-12 15:38:09.274: [INFO] Profile: name=Profil 1 path=C:\Users\seif9\source\repos\Ruby Exec 1\Ruby Exec 1\bin\x64\Debug\net10.0-windows\Ruby Exec 1.exe.WebView2\EBWebView\Default lastActive=2026-08-12T15:35:02.274Z
2026-08-12 15:38:09.274: [INFO] LastUsedProfileDir: C:\Users\seif9\source\repos\Ruby Exec 1\Ruby Exec 1\bin\x64\Debug\net10.0-windows\Ruby Exec 1.exe.WebView2\EBWebView\Default
2026-08-12 15:38:09.274: [INFO] MostRecentlyActiveProfile: name=Profil 1 path=C:\Users\seif9\source\repos\Ruby Exec 1\Ruby Exec 1\bin\x64\Debug\net10.0-windows\Ruby Exec 1.exe.WebView2\EBWebView\Default lastActive=2026-08-12T15:35:02.274Z
2026-08-12 15:38:09.274: [INFO] OnDoneLoading sync enabled: 0
2026-08-12 15:38:09.274: [INFO] BookmarkModelLoaded, ids_reassigned: 0
2026-08-12 15:38:09.274: [INFO] BookmarksLoadDropped droppedNodes=0
2026-08-12 15:38:09.274: [INFO] BookmarksSnapshot Startup total=0 bar=0 other=0 mobile=0 showBar=0 showBarNTP=1
2026-08-12 15:39:18.122: [INFO] BookmarksSnapshot Shutdown total=0 bar=0 other=0 mobile=0 showBar=0 showBarNTP=1
2026-08-12 15:41:05.111: [INFO] CurrentProfilePath: C:\Users\seif9\source\repos\Ruby Exec 1\Ruby Exec 1\bin\x64\Debug\net10.0-windows\Ruby Exec 1.exe.WebView2\EBWebView\Default
2026-08-12 15:41:05.111: [INFO] Profiles total count: 1
2026-08-12 15:41:05.111: [INFO] Profile: name=Profil 1 path=C:\Users\seif9\source\repos\Ruby Exec 1\Ruby Exec 1\bin\x64\Debug\net10.0-windows\Ruby Exec 1.exe.WebView2\EBWebView\Default lastActive=2026-08-12T15:35:02.274Z
2026-08-12 15:41:05.111: [INFO] LastUsedProfileDir: C:\Users\seif9\source\repos\Ruby Exec 1\Ruby Exec 1\bin\x64\Debug\net10.0-windows\Ruby Exec 1.exe.WebView2\EBWebView\Default
2026-08-12 15:41:05.111: [INFO] MostRecentlyActiveProfile: name=Profil 1 path=C:\Users\seif9\source\repos\Ruby Exec 1\Ruby Exec 1\bin\x64\Debug\net10.0-windows\Ruby Exec 1.exe.WebView2\EBWebView\Default lastActive=2026-08-12T15:35:02.274Z
2026-08-12 15:41:05.111: [INFO] OnDoneLoading sync enabled: 0
2026-08-12 15:41:05.111: [INFO] BookmarkModelLoaded, ids_reassigned: 0
2026-08-12 15:41:05.111: [INFO] BookmarksLoadDropped droppedNodes=0
2026-08-12 15:41:05.111: [INFO] BookmarksSnapshot Startup total=0 bar=0 other=0 mobile=0 showBar=0 showBarNTP=1
2026-08-12 15:43:31.813: [INFO] BookmarksSnapshot Shutdown total=0 bar=0 other=0 mobile=0 showBar=0 showBarNTP=1
2026-08-12 15:59:20.035: [INFO] CurrentProfilePath: C:\Users\seif9\source\repos\Ruby Exec 1\Ruby Exec 1\bin\x64\Debug\net10.0-windows\Ruby Exec 1.exe.WebView2\EBWebView\Default
2026-08-12 15:59:20.035: [INFO] Profiles total count: 1
2026-08-12 15:59:20.036: [INFO] Profile: name=Profil 1 path=C:\Users\seif9\source\repos\Ruby Exec 1\Ruby Exec 1\bin\x64\Debug\net10.0-windows\Ruby Exec 1.exe.WebView2\EBWebView\Default lastActive=2026-08-12T15:35:02.274Z
2026-08-12 15:59:20.036: [INFO] LastUsedProfileDir: C:\Users\seif9\source\repos\Ruby Exec 1\Ruby Exec 1\bin\x64\Debug\net10.0-windows\Ruby Exec 1.exe.WebView2\EBWebView\Default
2026-08-12 15:59:20.036: [INFO] MostRecentlyActiveProfile: name=Profil 1 path=C:\Users\seif9\source\repos\Ruby Exec 1\Ruby Exec 1\bin\x64\Debug\net10.0-windows\Ruby Exec 1.exe.WebView2\EBWebView\Default lastActive=2026-08-12T15:35:02.274Z
2026-08-12 15:59:20.036: [INFO] OnDoneLoading sync enabled: 0
2026-08-12 15:59:20.036: [INFO] BookmarkModelLoaded, ids_reassigned: 0
2026-08-12 15:59:20.036: [INFO] BookmarksLoadDropped droppedNodes=0
2026-08-12 15:59:20.036: [INFO] BookmarksSnapshot Startup total=0 bar=0 other=0 mobile=0 showBar=0 showBarNTP=1
2026-08-12 16:01:59.366: [INFO] BookmarksSnapshot Shutdown total=0 bar=0 other=0 mobile=0 showBar=0 showBarNTP=1
2026-08-12 16:02:02.088: [INFO] CurrentProfilePath: C:\Users\seif9\source\repos\Ruby Exec 1\Ruby Exec 1\bin\x64\Debug\net10.0-windows\Ruby Exec 1.exe.WebView2\EBWebView\Default
2026-08-12 16:02:02.088: [INFO] Profiles total count: 1
2026-08-12 16:02:02.088: [INFO] Profile: name=Profil 1 path=C:\Users\seif9\source\repos\Ruby Exec 1\Ruby Exec 1\bin\x64\Debug\net10.0-windows\Ruby Exec 1.exe.WebView2\EBWebView\Default lastActive=2026-08-12T15:35:02.274Z
2026-08-12 16:02:02.088: [INFO] LastUsedProfileDir: C:\Users\seif9\source\repos\Ruby Exec 1\Ruby Exec 1\bin\x64\Debug\net10.0-windows\Ruby Exec 1.exe.WebView2\EBWebView\Default
2026-08-12 16:02:02.089: [INFO] MostRecentlyActiveProfile: name=Profil 1 path=C:\Users\seif9\source\repos\Ruby Exec 1\Ruby Exec 1\bin\x64\Debug\net10.0-windows\Ruby Exec 1.exe.WebView2\EBWebView\Default lastActive=2026-08-12T15:35:02.274Z
2026-08-12 16:02:02.089: [INFO] OnDoneLoading sync enabled: 0
2026-08-12 16:02:02.089: [INFO] BookmarkModelLoaded, ids_reassigned: 0
2026-08-12 16:02:02.089: [INFO] BookmarksLoadDropped droppedNodes=0
2026-08-12 16:02:02.089: [INFO] BookmarksSnapshot Startup total=0 bar=0 other=0 mobile=0 showBar=0 showBarNTP=1
2026-08-12 16:08:31.770: [INFO] BookmarksSnapshot Shutdown total=0 bar=0 other=0 mobile=0 showBar=0 showBarNTP=1
2026-08-12 16:09:23.283: [INFO] CurrentProfilePath: C:\Users\seif9\source\repos\Ruby Exec 1\Ruby Exec 1\bin\x64\Debug\net10.0-windows\Ruby Exec 1.exe.WebView2\EBWebView\Default
2026-08-12 16:09:23.283: [INFO] Profiles total count: 1
2026-08-12 16:09:23.283: [INFO] Profile: name=Profil 1 path=C:\Users\seif9\source\repos\Ruby Exec 1\Ruby Exec 1\bin\x64\Debug\net10.0-windows\Ruby Exec 1.exe.WebView2\EBWebView\Default lastActive=2026-08-12T15:35:02.274Z
2026-08-12 16:09:23.283: [INFO] LastUsedProfileDir: C:\Users\seif9\source\repos\Ruby Exec 1\Ruby Exec 1\bin\x64\Debug\net10.0-windows\Ruby Exec 1.exe.WebView2\EBWebView\Default
2026-08-12 16:09:23.283: [INFO] MostRecentlyActiveProfile: name=Profil 1 path=C:\Users\seif9\source\repos\Ruby Exec 1\Ruby Exec 1\bin\x64\Debug\net10.0-windows\Ruby Exec 1.exe.WebView2\EBWebView\Default lastActive=2026-08-12T15:35:02.274Z
2026-08-12 16:09:23.283: [INFO] OnDoneLoading sync enabled: 0
2026-08-12 16:09:23.283: [INFO] BookmarkModelLoaded, ids_reassigned: 0
2026-08-12 16:09:23.283: [INFO] BookmarksLoadDropped droppedNodes=0
2026-08-12 16:09:23.283: [INFO] BookmarksSnapshot Startup total=0 bar=0 other=0 mobile=0 showBar=0 showBarNTP=1
2026-08-12 16:10:42.758: [INFO] BookmarksSnapshot Shutdown total=0 bar=0 other=0 mobile=0 showBar=0 showBarNTP=1
2026-08-12 16:19:44.299: [INFO] CurrentProfilePath: C:\Users\seif9\source\repos\Ruby Exec 1\Ruby Exec 1\bin\x64\Debug\net10.0-windows\Ruby Exec 1.exe.WebView2\EBWebView\Default
2026-08-12 16:19:44.299: [INFO] Profiles total count: 1
2026-08-12 16:19:44.299: [INFO] Profile: name=Profil 1 path=C:\Users\seif9\source\repos\Ruby Exec 1\Ruby Exec 1\bin\x64\Debug\net10.0-windows\Ruby Exec 1.exe.WebView2\EBWebView\Default lastActive=2026-08-12T15:35:02.274Z
2026-08-12 16:19:44.299: [INFO] LastUsedProfileDir: C:\Users\seif9\source\repos\Ruby Exec 1\Ruby Exec 1\bin\x64\Debug\net10.0-windows\Ruby Exec 1.exe.WebView2\EBWebView\Default
2026-08-12 16:19:44.299: [INFO] MostRecentlyActiveProfile: name=Profil 1 path=C:\Users\seif9\source\repos\Ruby Exec 1\Ruby Exec 1\bin\x64\Debug\net10.0-windows\Ruby Exec 1.exe.WebView2\EBWebView\Default lastActive=2026-08-12T15:35:02.274Z
2026-08-12 16:19:44.299: [INFO] OnDoneLoading sync enabled: 0
2026-08-12 16:19:44.299: [INFO] BookmarkModelLoaded, ids_reassigned: 0
2026-08-12 16:19:44.299: [INFO] BookmarksLoadDropped droppedNodes=0
2026-08-12 16:19:44.299: [INFO] BookmarksSnapshot Startup total=0 bar=0 other=0 mobile=0 showBar=0 showBarNTP=1
2026-08-12 16:21:12.146: [INFO] BookmarksSnapshot Shutdown total=0 bar=0 other=0 mobile=0 showBar=0 showBarNTP=1
2026-08-12 16:23:56.838: [INFO] CurrentProfilePath: C:\Users\seif9\source\repos\Ruby Exec 1\Ruby Exec 1\bin\x64\Debug\net10.0-windows\Ruby Exec 1.exe.WebView2\EBWebView\Default
2026-08-12 16:23:56.838: [INFO] Profiles total count: 1
2026-08-12 16:23:56.839: [INFO] Profile: name=Profil 1 path=C:\Users\seif9\source\repos\Ruby Exec 1\Ruby Exec 1\bin\x64\Debug\net10.0-windows\Ruby Exec 1.exe.WebView2\EBWebView\Default lastActive=2026-08-12T15:35:02.274Z
2026-08-12 16:23:56.839: [INFO] LastUsedProfileDir: C:\Users\seif9\source\repos\Ruby Exec 1\Ruby Exec 1\bin\x64\Debug\net10.0-windows\Ruby Exec 1.exe.WebView2\EBWebView\Default
2026-08-12 16:23:56.839: [INFO] MostRecentlyActiveProfile: name=Profil 1 path=C:\Users\seif9\source\repos\Ruby Exec 1\Ruby Exec 1\bin\x64\Debug\net10.0-windows\Ruby Exec 1.exe.WebView2\EBWebView\Default lastActive=2026-08-12T15:35:02.274Z
2026-08-12 16:23:56.839: [INFO] OnDoneLoading sync enabled: 0
2026-08-12 16:23:56.839: [INFO] BookmarkModelLoaded, ids_reassigned: 0
2026-08-12 16:23:56.839: [INFO] BookmarksLoadDropped droppedNodes=0
2026-08-12 16:23:56.839: [INFO] BookmarksSnapshot Startup total=0 bar=0 other=0 mobile=0 showBar=0 showBarNTP=1
2026-08-12 16:28:22.673: [INFO] BookmarksSnapshot Shutdown total=0 bar=0 other=0 mobile=0 showBar=0 showBarNTP=1
2026-08-12 16:28:26.047: [INFO] CurrentProfilePath: C:\Users\seif9\source\repos\Ruby Exec 1\Ruby Exec 1\bin\x64\Debug\net10.0-windows\Ruby Exec 1.exe.WebView2\EBWebView\Default
2026-08-12 16:28:26.047: [INFO] Profiles total count: 1
2026-08-12 16:28:26.048: [INFO] Profile: name=Profil 1 path=C:\Users\seif9\source\repos\Ruby Exec 1\Ruby Exec 1\bin\x64\Debug\net10.0-windows\Ruby Exec 1.exe.WebView2\EBWebView\Default lastActive=2026-08-12T15:35:02.274Z
2026-08-12 16:28:26.048: [INFO] LastUsedProfileDir: C:\Users\seif9\source\repos\Ruby Exec 1\Ruby Exec 1\bin\x64\Debug\net10.0-windows\Ruby Exec 1.exe.WebView2\EBWebView\Default
2026-08-12 16:28:26.048: [INFO] MostRecentlyActiveProfile: name=Profil 1 path=C:\Users\seif9\source\repos\Ruby Exec 1\Ruby Exec 1\bin\x64\Debug\net10.0-windows\Ruby Exec 1.exe.WebView2\EBWebView\Default lastActive=2026-08-12T15:35:02.274Z
2026-08-12 16:28:26.048: [INFO] OnDoneLoading sync enabled: 0
2026-08-12 16:28:26.048: [INFO] BookmarkModelLoaded, ids_reassigned: 0
2026-08-12 16:28:26.048: [INFO] BookmarksLoadDropped droppedNodes=0
2026-08-12 16:28:26.048: [INFO] BookmarksSnapshot Startup total=0 bar=0 other=0 mobile=0 showBar=0 showBarNTP=1
2026-08-12 16:32:42.159: [INFO] BookmarksSnapshot Shutdown total=0 bar=0 other=0 mobile=0 showBar=0 showBarNTP=1
2026-08-12 16:32:44.946: [INFO] CurrentProfilePath: C:\Users\seif9\source\repos\Ruby Exec 1\Ruby Exec 1\bin\x64\Debug\net10.0-windows\Ruby Exec 1.exe.WebView2\EBWebView\Default
2026-08-12 16:32:44.946: [INFO] Profiles total count: 1
2026-08-12 16:32:44.947: [INFO] Profile: name=Profil 1 path=C:\Users\seif9\source\repos\Ruby Exec 1\Ruby Exec 1\bin\x64\Debug\net10.0-windows\Ruby Exec 1.exe.WebView2\EBWebView\Default lastActive=2026-08-12T15:35:02.274Z
2026-08-12 16:32:44.947: [INFO] LastUsedProfileDir: C:\Users\seif9\source\repos\Ruby Exec 1\Ruby Exec 1\bin\x64\Debug\net10.0-windows\Ruby Exec 1.exe.WebView2\EBWebView\Default
2026-08-12 16:32:44.947: [INFO] MostRecentlyActiveProfile: name=Profil 1 path=C:\Users\seif9\source\repos\Ruby Exec 1\Ruby Exec 1\bin\x64\Debug\net10.0-windows\Ruby Exec 1.exe.WebView2\EBWebView\Default lastActive=2026-08-12T15:35:02.274Z
2026-08-12 16:32:44.947: [INFO] OnDoneLoading sync enabled: 0
2026-08-12 16:32:44.947: [INFO] BookmarkModelLoaded, ids_reassigned: 0
2026-08-12 16:32:44.947: [INFO] BookmarksLoadDropped droppedNodes=0
2026-08-12 16:32:44.947: [INFO] BookmarksSnapshot Startup total=0 bar=0 other=0 mobile=0 showBar=0 showBarNTP=1
2026-08-12 16:41:11.180: [INFO] BookmarksSnapshot Shutdown total=0 bar=0 other=0 mobile=0 showBar=0 showBarNTP=1
2026-08-12 16:41:14.234: [INFO] CurrentProfilePath: C:\Users\seif9\source\repos\Ruby Exec 1\Ruby Exec 1\bin\x64\Debug\net10.0-windows\Ruby Exec 1.exe.WebView2\EBWebView\Default
2026-08-12 16:41:14.234: [INFO] Profiles total count: 1
2026-08-12 16:41:14.235: [INFO] Profile: name=Profil 1 path=C:\Users\seif9\source\repos\Ruby Exec 1\Ruby Exec 1\bin\x64\Debug\net10.0-windows\Ruby Exec 1.exe.WebView2\EBWebView\Default lastActive=2026-08-12T16:32:49.873Z
2026-08-12 16:41:14.235: [INFO] LastUsedProfileDir: C:\Users\seif9\source\repos\Ruby Exec 1\Ruby Exec 1\bin\x64\Debug\net10.0-windows\Ruby Exec 1.exe.WebView2\EBWebView\Default
2026-08-12 16:41:14.235: [INFO] MostRecentlyActiveProfile: name=Profil 1 path=C:\Users\seif9\source\repos\Ruby Exec 1\Ruby Exec 1\bin\x64\Debug\net10.0-windows\Ruby Exec 1.exe.WebView2\EBWebView\Default lastActive=2026-08-12T16:32:49.873Z
2026-08-12 16:41:14.235: [INFO] OnDoneLoading sync enabled: 0
2026-08-12 16:41:14.235: [INFO] BookmarkModelLoaded, ids_reassigned: 0
2026-08-12 16:41:14.235: [INFO] BookmarksLoadDropped droppedNodes=0
2026-08-12 16:41:14.235: [INFO] BookmarksSnapshot Startup total=0 bar=0 other=0 mobile=0 showBar=0 showBarNTP=1
2026-08-12 16:41:36.386: [INFO] BookmarksSnapshot Shutdown total=0 bar=0 other=0 mobile=0 showBar=0 showBarNTP=1
2026-08-12 16:42:14.599: [INFO] CurrentProfilePath: C:\Users\seif9\source\repos\Ruby Exec 1\Ruby Exec 1\bin\x64\Debug\net10.0-windows\Ruby Exec 1.exe.WebView2\EBWebView\Default
2026-08-12 16:42:14.599: [INFO] Profiles total count: 1
2026-08-12 16:42:14.599: [INFO] Profile: name=Profil 1 path=C:\Users\seif9\source\repos\Ruby Exec 1\Ruby Exec 1\bin\x64\Debug\net10.0-windows\Ruby Exec 1.exe.WebView2\EBWebView\Default lastActive=2026-08-12T16:32:49.873Z
2026-08-12 16:42:14.599: [INFO] LastUsedProfileDir: C:\Users\seif9\source\repos\Ruby Exec 1\Ruby Exec 1\bin\x64\Debug\net10.0-windows\Ruby Exec 1.exe.WebView2\EBWebView\Default
2026-08-12 16:42:14.599: [INFO] MostRecentlyActiveProfile: name=Profil 1 path=C:\Users\seif9\source\repos\Ruby Exec 1\Ruby Exec 1\bin\x64\Debug\net10.0-windows\Ruby Exec 1.exe.WebView2\EBWebView\Default lastActive=2026-08-12T16:32:49.873Z
2026-08-12 16:42:14.599: [INFO] OnDoneLoading sync enabled: 0
2026-08-12 16:42:14.599: [INFO] BookmarkModelLoaded, ids_reassigned: 0
2026-08-12 16:42:14.599: [INFO] BookmarksLoadDropped droppedNodes=0
2026-08-12 16:42:14.599: [INFO] BookmarksSnapshot Startup total=0 bar=0 other=0 mobile=0 showBar=0 showBarNTP=1
2026-08-12 16:52:07.135: [INFO] BookmarksSnapshot Shutdown total=0 bar=0 other=0 mobile=0 showBar=0 showBarNTP=1
2026-08-14 07:18:19.913: [INFO] CurrentProfilePath: C:\Users\seif9\source\repos\Ruby Exec 1  backup\Ruby Exec 1\bin\x64\Debug\net10.0-windows\Ruby Exec 1.exe.WebView2\EBWebView\Default
2026-08-14 07:18:19.913: [INFO] Profiles total count: 1
2026-08-14 07:18:19.913: [INFO] Profile: name=Profil 1 path=C:\Users\seif9\source\repos\Ruby Exec 1  backup\Ruby Exec 1\bin\x64\Debug\net10.0-windows\Ruby Exec 1.exe.WebView2\EBWebView\Default lastActive=2026-08-12T16:32:49.873Z
2026-08-14 07:18:19.913: [INFO] LastUsedProfileDir: C:\Users\seif9\source\repos\Ruby Exec 1  backup\Ruby Exec 1\bin\x64\Debug\net10.0-windows\Ruby Exec 1.exe.WebView2\EBWebView\Default
2026-08-14 07:18:19.913: [INFO] MostRecentlyActiveProfile: name=Profil 1 path=C:\Users\seif9\source\repos\Ruby Exec 1  backup\Ruby Exec 1\bin\x64\Debug\net10.0-windows\Ruby Exec 1.exe.WebView2\EBWebView\Default lastActive=2026-08-12T16:32:49.873Z
2026-08-14 07:18:19.913: [INFO] OnDoneLoading sync enabled: 0
2026-08-14 07:18:19.913: [INFO] BookmarkModelLoaded, ids_reassigned: 0
2026-08-14 07:18:19.913: [INFO] BookmarksLoadDropped droppedNodes=0
2026-08-14 07:18:19.913: [INFO] BookmarksSnapshot Startup total=0 bar=0 other=0 mobile=0 showBar=0 showBarNTP=1
2026-08-14 07:18:33.430: [INFO] BookmarksSnapshot Shutdown total=0 bar=0 other=0 mobile=0 showBar=0 showBarNTP=1
2026-08-14 07:19:09.880: [INFO] CurrentProfilePath: C:\Users\seif9\source\repos\Ruby Exec 1  backup\Ruby Exec 1\bin\x64\Debug\net10.0-windows\Ruby Exec 1.exe.WebView2\EBWebView\Default
2026-08-14 07:19:09.880: [INFO] Profiles total count: 1
2026-08-14 07:19:09.881: [INFO] Profile: name=Profil 1 path=C:\Users\seif9\source\repos\Ruby Exec 1  backup\Ruby Exec 1\bin\x64\Debug\net10.0-windows\Ruby Exec 1.exe.WebView2\EBWebView\Default lastActive=2026-08-14T07:18:25.396Z
2026-08-14 07:19:09.881: [INFO] LastUsedProfileDir: C:\Users\seif9\source\repos\Ruby Exec 1  backup\Ruby Exec 1\bin\x64\Debug\net10.0-windows\Ruby Exec 1.exe.WebView2\EBWebView\Default
2026-08-14 07:19:09.881: [INFO] MostRecentlyActiveProfile: name=Profil 1 path=C:\Users\seif9\source\repos\Ruby Exec 1  backup\Ruby Exec 1\bin\x64\Debug\net10.0-windows\Ruby Exec 1.exe.WebView2\EBWebView\Default lastActive=2026-08-14T07:18:25.396Z
2026-08-14 07:19:09.881: [INFO] OnDoneLoading sync enabled: 0
2026-08-14 07:19:09.881: [INFO] BookmarkModelLoaded, ids_reassigned: 0
2026-08-14 07:19:09.881: [INFO] BookmarksLoadDropped droppedNodes=0
2026-08-14 07:19:09.881: [INFO] BookmarksSnapshot Startup total=0 bar=0 other=0 mobile=0 showBar=0 showBarNTP=1
2026-08-14 07:19:17.744: [INFO] BookmarksSnapshot Shutdown total=0 bar=0 other=0 mobile=0 showBar=0 showBarNTP=1
2026-08-14 07:19:22.417: [INFO] CurrentProfilePath: C:\Users\seif9\source\repos\Ruby Exec 1  backup\Ruby Exec 1\bin\x64\Debug\net10.0-windows\Ruby Exec 1.exe.WebView2\EBWebView\Default
2026-08-14 07:19:22.417: [INFO] Profiles total count: 1
2026-08-14 07:19:22.418: [INFO] Profile: name=Profil 1 path=C:\Users\seif9\source\repos\Ruby Exec 1  backup\Ruby Exec 1\bin\x64\Debug\net10.0-windows\Ruby Exec 1.exe.WebView2\EBWebView\Default lastActive=2026-08-14T07:19:12.229Z
2026-08-14 07:19:22.418: [INFO] LastUsedProfileDir: C:\Users\seif9\source\repos\Ruby Exec 1  backup\Ruby Exec 1\bin\x64\Debug\net10.0-windows\Ruby Exec 1.exe.WebView2\EBWebView\Default
2026-08-14 07:19:22.418: [INFO] MostRecentlyActiveProfile: name=Profil 1 path=C:\Users\seif9\source\repos\Ruby Exec 1  backup\Ruby Exec 1\bin\x64\Debug\net10.0-windows\Ruby Exec 1.exe.WebView2\EBWebView\Default lastActive=2026-08-14T07:19:12.229Z
2026-08-14 07:19:22.418: [INFO] OnDoneLoading sync enabled: 0
2026-08-14 07:19:22.418: [INFO] BookmarkModelLoaded, ids_reassigned: 0
2026-08-14 07:19:22.418: [INFO] BookmarksLoadDropped droppedNodes=0
2026-08-14 07:19:22.418: [INFO] BookmarksSnapshot Startup total=0 bar=0 other=0 mobile=0 showBar=0 showBarNTP=1
2026-08-14 07:19:24.879: [INFO] BookmarksSnapshot Shutdown total=0 bar=0 other=0 mobile=0 showBar=0 showBarNTP=1
2026-08-14 07:19:29.333: [INFO] CurrentProfilePath: C:\Users\seif9\source\repos\Ruby Exec 1  backup\Ruby Exec 1\bin\x64\Debug\net10.0-windows\Ruby Exec 1.exe.WebView2\EBWebView\Default
2026-08-14 07:19:29.333: [INFO] Profiles total count: 1
2026-08-14 07:19:29.334: [INFO] Profile: name=Profil 1 path=C:\Users\seif9\source\repos\Ruby Exec 1  backup\Ruby Exec 1\bin\x64\Debug\net10.0-windows\Ruby Exec 1.exe.WebView2\EBWebView\Default lastActive=2026-08-14T07:19:23.851Z
2026-08-14 07:19:29.334: [INFO] LastUsedProfileDir: C:\Users\seif9\source\repos\Ruby Exec 1  backup\Ruby Exec 1\bin\x64\Debug\net10.0-windows\Ruby Exec 1.exe.WebView2\EBWebView\Default
2026-08-14 07:19:29.334: [INFO] MostRecentlyActiveProfile: name=Profil 1 path=C:\Users\seif9\source\repos\Ruby Exec 1  backup\Ruby Exec 1\bin\x64\Debug\net10.0-windows\Ruby Exec 1.exe.WebView2\EBWebView\Default lastActive=2026-08-14T07:19:23.851Z
2026-08-14 07:19:29.334: [INFO] OnDoneLoading sync enabled: 0
2026-08-14 07:19:29.334: [INFO] BookmarkModelLoaded, ids_reassigned: 0
2026-08-14 07:19:29.334: [INFO] BookmarksLoadDropped droppedNodes=0
2026-08-14 07:19:29.334: [INFO] BookmarksSnapshot Startup total=0 bar=0 other=0 mobile=0 showBar=0 showBarNTP=1
2026-08-14 07:19:32.342: [INFO] BookmarksSnapshot Shutdown total=0 bar=0 other=0 mobile=0 showBar=0 showBarNTP=1
2026-08-14 07:19:57.187: [INFO] CurrentProfilePath: C:\Users\seif9\source\repos\Ruby Exec 1  backup\Ruby Exec 1\bin\x64\Debug\net10.0-windows\Ruby Exec 1.exe.WebView2\EBWebView\Default
2026-08-14 07:19:57.187: [INFO] Profiles total count: 1
2026-08-14 07:19:57.187: [INFO] Profile: name=Profil 1 path=C:\Users\seif9\source\repos\Ruby Exec 1  backup\Ruby Exec 1\bin\x64\Debug\net10.0-windows\Ruby Exec 1.exe.WebView2\EBWebView\Default lastActive=2026-08-14T07:19:23.851Z
2026-08-14 07:19:57.187: [INFO] LastUsedProfileDir: C:\Users\seif9\source\repos\Ruby Exec 1  backup\Ruby Exec 1\bin\x64\Debug\net10.0-windows\Ruby Exec 1.exe.WebView2\EBWebView\Default
2026-08-14 07:19:57.187: [INFO] MostRecentlyActiveProfile: name=Profil 1 path=C:\Users\seif9\source\repos\Ruby Exec 1  backup\Ruby Exec 1\bin\x64\Debug\net10.0-windows\Ruby Exec 1.exe.WebView2\EBWebView\Default lastActive=2026-08-14T07:19:23.851Z
2026-08-14 07:19:57.187: [INFO] OnDoneLoading sync enabled: 0
2026-08-14 07:19:57.187: [INFO] BookmarkModelLoaded, ids_reassigned: 0
2026-08-14 07:19:57.187: [INFO] BookmarksLoadDropped droppedNodes=0
2026-08-14 07:19:57.187: [INFO] BookmarksSnapshot Startup total=0 bar=0 other=0 mobile=0 showBar=0 showBarNTP=1
2026-08-14 07:20:04.267: [INFO] BookmarksSnapshot Shutdown total=0 bar=0 other=0 mobile=0 showBar=0 showBarNTP=1
2026-08-14 07:24:08.865: [INFO] CurrentProfilePath: C:\Users\seif9\source\repos\Ruby Exec 1  backup\Ruby Exec 1\bin\x64\Debug\net10.0-windows\Ruby Exec 1.exe.WebView2\EBWebView\Default
2026-08-14 07:24:08.865: [INFO] Profiles total count: 1
2026-08-14 07:24:08.865: [INFO] Profile: name=Profil 1 path=C:\Users\seif9\source\repos\Ruby Exec 1  backup\Ruby Exec 1\bin\x64\Debug\net10.0-windows\Ruby Exec 1.exe.WebView2\EBWebView\Default lastActive=2026-08-14T07:21:05.187Z
2026-08-14 07:24:08.865: [INFO] LastUsedProfileDir: C:\Users\seif9\source\repos\Ruby Exec 1  backup\Ruby Exec 1\bin\x64\Debug\net10.0-windows\Ruby Exec 1.exe.WebView2\EBWebView\Default
2026-08-14 07:24:08.866: [INFO] MostRecentlyActiveProfile: name=Profil 1 path=C:\Users\seif9\source\repos\Ruby Exec 1  backup\Ruby Exec 1\bin\x64\Debug\net10.0-windows\Ruby Exec 1.exe.WebView2\EBWebView\Default lastActive=2026-08-14T07:21:05.187Z
2026-08-14 07:24:08.866: [INFO] OnDoneLoading sync enabled: 0
2026-08-14 07:24:08.866: [INFO] BookmarkModelLoaded, ids_reassigned: 0
2026-08-14 07:24:08.866: [INFO] BookmarksLoadDropped droppedNodes=0
2026-08-14 07:24:08.866: [INFO] BookmarksSnapshot Startup total=0 bar=0 other=0 mobile=0 showBar=0 showBarNTP=1
2026-08-14 07:24:13.447: [INFO] BookmarksSnapshot Shutdown total=0 bar=0 other=0 mobile=0 showBar=0 showBarNTP=1
2026-08-14 07:24:19.279: [INFO] CurrentProfilePath: C:\Users\seif9\source\repos\Ruby Exec 1  backup\Ruby Exec 1\bin\x64\Debug\net10.0-windows\Ruby Exec 1.exe.WebView2\EBWebView\Default
2026-08-14 07:24:19.279: [INFO] Profiles total count: 1
2026-08-14 07:24:19.279: [INFO] Profile: name=Profil 1 path=C:\Users\seif9\source\repos\Ruby Exec 1  backup\Ruby Exec 1\bin\x64\Debug\net10.0-windows\Ruby Exec 1.exe.WebView2\EBWebView\Default lastActive=2026-08-14T07:24:10.437Z
2026-08-14 07:24:19.279: [INFO] LastUsedProfileDir: C:\Users\seif9\source\repos\Ruby Exec 1  backup\Ruby Exec 1\bin\x64\Debug\net10.0-windows\Ruby Exec 1.exe.WebView2\EBWebView\Default
2026-08-14 07:24:19.279: [INFO] MostRecentlyActiveProfile: name=Profil 1 path=C:\Users\seif9\source\repos\Ruby Exec 1  backup\Ruby Exec 1\bin\x64\Debug\net10.0-windows\Ruby Exec 1.exe.WebView2\EBWebView\Default lastActive=2026-08-14T07:24:10.437Z
2026-08-14 07:24:19.279: [INFO] OnDoneLoading sync enabled: 0
2026-08-14 07:24:19.279: [INFO] BookmarkModelLoaded, ids_reassigned: 0
2026-08-14 07:24:19.279: [INFO] BookmarksLoadDropped droppedNodes=0
2026-08-14 07:24:19.279: [INFO] BookmarksSnapshot Startup total=0 bar=0 other=0 mobile=0 showBar=0 showBarNTP=1
2026-08-14 07:24:23.993: [INFO] BookmarksSnapshot Shutdown total=0 bar=0 other=0 mobile=0 showBar=0 showBarNTP=1
2026-08-14 07:24:31.952: [INFO] CurrentProfilePath: C:\Users\seif9\source\repos\Ruby Exec 1  backup\Ruby Exec 1\bin\x64\Debug\net10.0-windows\Ruby Exec 1.exe.WebView2\EBWebView\Default
2026-08-14 07:24:31.952: [INFO] Profiles total count: 1
2026-08-14 07:24:31.953: [INFO] Profile: name=Profil 1 path=C:\Users\seif9\source\repos\Ruby Exec 1  backup\Ruby Exec 1\bin\x64\Debug\net10.0-windows\Ruby Exec 1.exe.WebView2\EBWebView\Default lastActive=2026-08-14T07:24:21.141Z
2026-08-14 07:24:31.953: [INFO] LastUsedProfileDir: C:\Users\seif9\source\repos\Ruby Exec 1  backup\Ruby Exec 1\bin\x64\Debug\net10.0-windows\Ruby Exec 1.exe.WebView2\EBWebView\Default
2026-08-14 07:24:31.953: [INFO] MostRecentlyActiveProfile: name=Profil 1 path=C:\Users\seif9\source\repos\Ruby Exec 1  backup\Ruby Exec 1\bin\x64\Debug\net10.0-windows\Ruby Exec 1.exe.WebView2\EBWebView\Default lastActive=2026-08-14T07:24:21.141Z
2026-08-14 07:24:31.953: [INFO] OnDoneLoading sync enabled: 0
2026-08-14 07:24:31.953: [INFO] BookmarkModelLoaded, ids_reassigned: 0
2026-08-14 07:24:31.953: [INFO] BookmarksLoadDropped droppedNodes=0
2026-08-14 07:24:31.953: [INFO] BookmarksSnapshot Startup total=0 bar=0 other=0 mobile=0 showBar=0 showBarNTP=1
2026-08-14 07:24:37.084: [INFO] BookmarksSnapshot Shutdown total=0 bar=0 other=0 mobile=0 showBar=0 showBarNTP=1
2026-08-14 07:24:45.573: [INFO] CurrentProfilePath: C:\Users\seif9\source\repos\Ruby Exec 1  backup\Ruby Exec 1\bin\x64\Debug\net10.0-windows\Ruby Exec 1.exe.WebView2\EBWebView\Default
2026-08-14 07:24:45.573: [INFO] Profiles total count: 1
2026-08-14 07:24:45.573: [INFO] Profile: name=Profil 1 path=C:\Users\seif9\source\repos\Ruby Exec 1  backup\Ruby Exec 1\bin\x64\Debug\net10.0-windows\Ruby Exec 1.exe.WebView2\EBWebView\Default lastActive=2026-08-14T07:24:33.704Z
2026-08-14 07:24:45.573: [INFO] LastUsedProfileDir: C:\Users\seif9\source\repos\Ruby Exec 1  backup\Ruby Exec 1\bin\x64\Debug\net10.0-windows\Ruby Exec 1.exe.WebView2\EBWebView\Default
2026-08-14 07:24:45.573: [INFO] MostRecentlyActiveProfile: name=Profil 1 path=C:\Users\seif9\source\repos\Ruby Exec 1  backup\Ruby Exec 1\bin\x64\Debug\net10.0-windows\Ruby Exec 1.exe.WebView2\EBWebView\Default lastActive=2026-08-14T07:24:33.704Z
2026-08-14 07:24:45.573: [INFO] OnDoneLoading sync enabled: 0
2026-08-14 07:24:45.573: [INFO] BookmarkModelLoaded, ids_reassigned: 0
2026-08-14 07:24:45.573: [INFO] BookmarksLoadDropped droppedNodes=0
2026-08-14 07:24:45.573: [INFO] BookmarksSnapshot Startup total=0 bar=0 other=0 mobile=0 showBar=0 showBarNTP=1
2026-08-14 07:25:17.980: [INFO] BookmarksSnapshot Shutdown total=0 bar=0 other=0 mobile=0 showBar=0 showBarNTP=1
2026-08-14 07:27:40.026: [INFO] CurrentProfilePath: C:\Users\seif9\source\repos\Ruby Exec 1  backup\Ruby Exec 1\bin\x64\Debug\net10.0-windows\Ruby Exec 1.exe.WebView2\EBWebView\Default
2026-08-14 07:27:40.026: [INFO] Profiles total count: 1
2026-08-14 07:27:40.028: [INFO] Profile: name=Profil 1 path=C:\Users\seif9\source\repos\Ruby Exec 1  backup\Ruby Exec 1\bin\x64\Debug\net10.0-windows\Ruby Exec 1.exe.WebView2\EBWebView\Default lastActive=2026-08-14T07:25:07.213Z
2026-08-14 07:27:40.028: [INFO] LastUsedProfileDir: C:\Users\seif9\source\repos\Ruby Exec 1  backup\Ruby Exec 1\bin\x64\Debug\net10.0-windows\Ruby Exec 1.exe.WebView2\EBWebView\Default
2026-08-14 07:27:40.028: [INFO] MostRecentlyActiveProfile: name=Profil 1 path=C:\Users\seif9\source\repos\Ruby Exec 1  backup\Ruby Exec 1\bin\x64\Debug\net10.0-windows\Ruby Exec 1.exe.WebView2\EBWebView\Default lastActive=2026-08-14T07:25:07.213Z
2026-08-14 07:27:40.028: [INFO] OnDoneLoading sync enabled: 0
2026-08-14 07:27:40.028: [INFO] BookmarkModelLoaded, ids_reassigned: 0
2026-08-14 07:27:40.028: [INFO] BookmarksLoadDropped droppedNodes=0
2026-08-14 07:27:40.028: [INFO] BookmarksSnapshot Startup total=0 bar=0 other=0 mobile=0 showBar=0 showBarNTP=1
2026-08-14 07:32:53.907: [INFO] BookmarksSnapshot Shutdown total=0 bar=0 other=0 mobile=0 showBar=0 showBarNTP=1
2026-08-14 08:05:59.937: [INFO] CurrentProfilePath: C:\Users\seif9\source\repos\Ruby Exec 1  backup\Ruby Exec 1\bin\x64\Debug\net10.0-windows\Ruby Exec 1.exe.WebView2\EBWebView\Default
2026-08-14 08:05:59.937: [INFO] Profiles total count: 1
2026-08-14 08:05:59.937: [INFO] Profile: name=Profil 1 path=C:\Users\seif9\source\repos\Ruby Exec 1  backup\Ruby Exec 1\bin\x64\Debug\net10.0-windows\Ruby Exec 1.exe.WebView2\EBWebView\Default lastActive=2026-08-14T07:29:17.386Z
2026-08-14 08:05:59.937: [INFO] LastUsedProfileDir: C:\Users\seif9\source\repos\Ruby Exec 1  backup\Ruby Exec 1\bin\x64\Debug\net10.0-windows\Ruby Exec 1.exe.WebView2\EBWebView\Default
2026-08-14 08:05:59.937: [INFO] MostRecentlyActiveProfile: name=Profil 1 path=C:\Users\seif9\source\repos\Ruby Exec 1  backup\Ruby Exec 1\bin\x64\Debug\net10.0-windows\Ruby Exec 1.exe.WebView2\EBWebView\Default lastActive=2026-08-14T07:29:17.386Z
2026-08-14 08:05:59.937: [INFO] OnDoneLoading sync enabled: 0
2026-08-14 08:05:59.937: [INFO] BookmarkModelLoaded, ids_reassigned: 0
2026-08-14 08:05:59.937: [INFO] BookmarksLoadDropped droppedNodes=0
2026-08-14 08:05:59.937: [INFO] BookmarksSnapshot Startup total=0 bar=0 other=0 mobile=0 showBar=0 showBarNTP=1
2026-08-14 08:06:06.132: [INFO] BookmarksSnapshot Shutdown total=0 bar=0 other=0 mobile=0 showBar=0 showBarNTP=1
2026-08-14 12:16:47.782: [INFO] CurrentProfilePath: C:\Users\seif9\source\repos\Ruby Exec 2 bac\Ruby Exec 1\bin\x64\Debug\net10.0-windows\Ruby Exec 1.exe.WebView2\EBWebView\Default
2026-08-14 12:16:47.782: [INFO] Profiles total count: 1
2026-08-14 12:16:47.784: [INFO] Profile: name=Profil 1 path=C:\Users\seif9\source\repos\Ruby Exec 2 bac\Ruby Exec 1\bin\x64\Debug\net10.0-windows\Ruby Exec 1.exe.WebView2\EBWebView\Default lastActive=2026-08-14T12:14:20.114Z
2026-08-14 12:16:47.784: [INFO] LastUsedProfileDir: C:\Users\seif9\source\repos\Ruby Exec 2 bac\Ruby Exec 1\bin\x64\Debug\net10.0-windows\Ruby Exec 1.exe.WebView2\EBWebView\Default
2026-08-14 12:16:47.784: [INFO] MostRecentlyActiveProfile: name=Profil 1 path=C:\Users\seif9\source\repos\Ruby Exec 2 bac\Ruby Exec 1\bin\x64\Debug\net10.0-windows\Ruby Exec 1.exe.WebView2\EBWebView\Default lastActive=2026-08-14T12:14:20.114Z
2026-08-14 12:16:47.784: [INFO] OnDoneLoading sync enabled: 0
2026-08-14 12:16:47.784: [INFO] BookmarkModelLoaded, ids_reassigned: 0
2026-08-14 12:16:47.784: [INFO] BookmarksLoadDropped droppedNodes=0
2026-08-14 12:16:47.784: [INFO] BookmarksSnapshot Startup total=0 bar=0 other=0 mobile=0 showBar=0 showBarNTP=1
2026-08-14 12:17:00.196: [INFO] BookmarksSnapshot Shutdown total=0 bar=0 other=0 mobile=0 showBar=0 showBarNTP=1
2026-08-14 12:17:21.961: [INFO] CurrentProfilePath: C:\Users\seif9\source\repos\Ruby Exec 2 bac\Ruby Exec 1\bin\x64\Debug\net10.0-windows\Ruby Exec 1.exe.WebView2\EBWebView\Default
2026-08-14 12:17:21.961: [INFO] Profiles total count: 1
2026-08-14 12:17:21.963: [INFO] Profile: name=Profil 1 path=C:\Users\seif9\source\repos\Ruby Exec 2 bac\Ruby Exec 1\bin\x64\Debug\net10.0-windows\Ruby Exec 1.exe.WebView2\EBWebView\Default lastActive=2026-08-14T12:14:20.114Z
2026-08-14 12:17:21.963: [INFO] LastUsedProfileDir: C:\Users\seif9\source\repos\Ruby Exec 2 bac\Ruby Exec 1\bin\x64\Debug\net10.0-windows\Ruby Exec 1.exe.WebView2\EBWebView\Default
2026-08-14 12:17:21.963: [INFO] MostRecentlyActiveProfile: name=Profil 1 path=C:\Users\seif9\source\repos\Ruby Exec 2 bac\Ruby Exec 1\bin\x64\Debug\net10.0-windows\Ruby Exec 1.exe.WebView2\EBWebView\Default lastActive=2026-08-14T12:14:20.114Z
2026-08-14 12:17:21.963: [INFO] OnDoneLoading sync enabled: 0
2026-08-14 12:17:21.963: [INFO] BookmarkModelLoaded, ids_reassigned: 0
2026-08-14 12:17:21.963: [INFO] BookmarksLoadDropped droppedNodes=0
2026-08-14 12:17:21.963: [INFO] BookmarksSnapshot Startup total=0 bar=0 other=0 mobile=0 showBar=0 showBarNTP=1
2026-08-14 12:17:28.476: [INFO] BookmarksSnapshot Shutdown total=0 bar=0 other=0 mobile=0 showBar=0 showBarNTP=1
2026-08-14 12:18:07.056: [INFO] CurrentProfilePath: C:\Users\seif9\source\repos\Ruby Exec 2 bac\Ruby Exec 1\bin\x64\Debug\net10.0-windows\Ruby Exec 1.exe.WebView2\EBWebView\Default
2026-08-14 12:18:07.056: [INFO] Profiles total count: 1
2026-08-14 12:18:07.056: [INFO] Profile: name=Profil 1 path=C:\Users\seif9\source\repos\Ruby Exec 2 bac\Ruby Exec 1\bin\x64\Debug\net10.0-windows\Ruby Exec 1.exe.WebView2\EBWebView\Default lastActive=2026-08-14T12:14:20.114Z
2026-08-14 12:18:07.056: [INFO] LastUsedProfileDir: C:\Users\seif9\source\repos\Ruby Exec 2 bac\Ruby Exec 1\bin\x64\Debug\net10.0-windows\Ruby Exec 1.exe.WebView2\EBWebView\Default
2026-08-14 12:18:07.056: [INFO] MostRecentlyActiveProfile: name=Profil 1 path=C:\Users\seif9\source\repos\Ruby Exec 2 bac\Ruby Exec 1\bin\x64\Debug\net10.0-windows\Ruby Exec 1.exe.WebView2\EBWebView\Default lastActive=2026-08-14T12:14:20.114Z
2026-08-14 12:18:07.056: [INFO] OnDoneLoading sync enabled: 0
2026-08-14 12:18:07.056: [INFO] BookmarkModelLoaded, ids_reassigned: 0
2026-08-14 12:18:07.056: [INFO] BookmarksLoadDropped droppedNodes=0
2026-08-14 12:18:07.056: [INFO] BookmarksSnapshot Startup total=0 bar=0 other=0 mobile=0 showBar=0 showBarNTP=1
2026-08-14 12:19:47.182: [INFO] BookmarksSnapshot Shutdown total=0 bar=0 other=0 mobile=0 showBar=0 showBarNTP=1
2026-08-14 12:36:31.620: [INFO] CurrentProfilePath: C:\Users\seif9\source\repos\Ruby Exec 2 bac\Ruby Exec 1\bin\x64\Debug\net10.0-windows\Ruby Exec 1.exe.WebView2\EBWebView\Default
2026-08-14 12:36:31.620: [INFO] Profiles total count: 1
2026-08-14 12:36:31.620: [INFO] Profile: name=Profil 1 path=C:\Users\seif9\source\repos\Ruby Exec 2 bac\Ruby Exec 1\bin\x64\Debug\net10.0-windows\Ruby Exec 1.exe.WebView2\EBWebView\Default lastActive=2026-08-14T12:19:23.828Z
2026-08-14 12:36:31.620: [INFO] LastUsedProfileDir: C:\Users\seif9\source\repos\Ruby Exec 2 bac\Ruby Exec 1\bin\x64\Debug\net10.0-windows\Ruby Exec 1.exe.WebView2\EBWebView\Default
2026-08-14 12:36:31.620: [INFO] MostRecentlyActiveProfile: name=Profil 1 path=C:\Users\seif9\source\repos\Ruby Exec 2 bac\Ruby Exec 1\bin\x64\Debug\net10.0-windows\Ruby Exec 1.exe.WebView2\EBWebView\Default lastActive=2026-08-14T12:19:23.828Z
2026-08-14 12:36:31.620: [INFO] OnDoneLoading sync enabled: 0
2026-08-14 12:36:31.620: [INFO] BookmarkModelLoaded, ids_reassigned: 0
2026-08-14 12:36:31.620: [INFO] BookmarksLoadDropped droppedNodes=0
2026-08-14 12:36:31.620: [INFO] BookmarksSnapshot Startup total=0 bar=0 other=0 mobile=0 showBar=0 showBarNTP=1
2026-08-14 12:40:01.978: [INFO] BookmarksSnapshot Shutdown total=0 bar=0 other=0 mobile=0 showBar=0 showBarNTP=1
2026-08-14 12:48:40.450: [INFO] CurrentProfilePath: C:\Users\seif9\source\repos\Ruby Exec 2 bac\Ruby Exec 1\bin\x64\Debug\net10.0-windows\Ruby Exec 1.exe.WebView2\EBWebView\Default
2026-08-14 12:48:40.450: [INFO] Profiles total count: 1
2026-08-14 12:48:40.452: [INFO] Profile: name=Profil 1 path=C:\Users\seif9\source\repos\Ruby Exec 2 bac\Ruby Exec 1\bin\x64\Debug\net10.0-windows\Ruby Exec 1.exe.WebView2\EBWebView\Default lastActive=2026-08-14T12:19:23.828Z
2026-08-14 12:48:40.452: [INFO] LastUsedProfileDir: C:\Users\seif9\source\repos\Ruby Exec 2 bac\Ruby Exec 1\bin\x64\Debug\net10.0-windows\Ruby Exec 1.exe.WebView2\EBWebView\Default
2026-08-14 12:48:40.452: [INFO] MostRecentlyActiveProfile: name=Profil 1 path=C:\Users\seif9\source\repos\Ruby Exec 2 bac\Ruby Exec 1\bin\x64\Debug\net10.0-windows\Ruby Exec 1.exe.WebView2\EBWebView\Default lastActive=2026-08-14T12:19:23.828Z
2026-08-14 12:48:40.452: [INFO] OnDoneLoading sync enabled: 0
2026-08-14 12:48:40.452: [INFO] BookmarkModelLoaded, ids_reassigned: 0
2026-08-14 12:48:40.452: [INFO] BookmarksLoadDropped droppedNodes=0
2026-08-14 12:48:40.452: [INFO] BookmarksSnapshot Startup total=0 bar=0 other=0 mobile=0 showBar=0 showBarNTP=1
2026-08-14 12:50:19.160: [INFO] BookmarksSnapshot Shutdown total=0 bar=0 other=0 mobile=0 showBar=0 showBarNTP=1
